-- phpMyAdmin SQL Dump
-- version 4.9.2
-- https://www.phpmyadmin.net/
--
-- Host: 127.0.0.1
-- Generation Time: Apr 06, 2021 at 09:53 PM
-- Server version: 10.4.11-MariaDB
-- PHP Version: 7.4.1

SET SQL_MODE = "NO_AUTO_VALUE_ON_ZERO";
SET AUTOCOMMIT = 0;
START TRANSACTION;
SET time_zone = "+00:00";


/*!40101 SET @OLD_CHARACTER_SET_CLIENT=@@CHARACTER_SET_CLIENT */;
/*!40101 SET @OLD_CHARACTER_SET_RESULTS=@@CHARACTER_SET_RESULTS */;
/*!40101 SET @OLD_COLLATION_CONNECTION=@@COLLATION_CONNECTION */;
/*!40101 SET NAMES utf8mb4 */;

--
-- Database: `blog2`
--

-- --------------------------------------------------------

--
-- Table structure for table `comments`
--

CREATE TABLE `comments` (
  `idComment` int(255) NOT NULL,
  `comment` text NOT NULL,
  `date` datetime NOT NULL DEFAULT current_timestamp(),
  `idPost` int(255) NOT NULL,
  `idUser` int(255) NOT NULL
) ENGINE=InnoDB DEFAULT CHARSET=utf8mb4;

--
-- Dumping data for table `comments`
--

INSERT INTO `comments` (`idComment`, `comment`, `date`, `idPost`, `idUser`) VALUES
(3, 'Nice!', '2021-03-07 16:08:03', 9, 1),
(8, 'Very nice!', '2021-03-08 20:13:32', 5, 1),
(44, 'Amazing', '2021-03-09 23:03:33', 10, 5),
(55, 'Nice tips!', '2021-03-14 16:52:35', 4, 5),
(56, 'Very nice', '2021-03-14 16:59:03', 37, 5),
(57, 'I like this!', '2021-03-14 17:18:49', 3, 1),
(58, 'Very nice!', '2021-03-15 12:27:53', 3, 5);

-- --------------------------------------------------------

--
-- Table structure for table `failed_jobs`
--

CREATE TABLE `failed_jobs` (
  `id` bigint(20) UNSIGNED NOT NULL,
  `uuid` varchar(255) COLLATE utf8mb4_unicode_ci NOT NULL,
  `connection` text COLLATE utf8mb4_unicode_ci NOT NULL,
  `queue` text COLLATE utf8mb4_unicode_ci NOT NULL,
  `payload` longtext COLLATE utf8mb4_unicode_ci NOT NULL,
  `exception` longtext COLLATE utf8mb4_unicode_ci NOT NULL,
  `failed_at` timestamp NOT NULL DEFAULT current_timestamp()
) ENGINE=InnoDB DEFAULT CHARSET=utf8mb4 COLLATE=utf8mb4_unicode_ci;

-- --------------------------------------------------------

--
-- Table structure for table `hashtag`
--

CREATE TABLE `hashtag` (
  `idHashtag` int(255) NOT NULL,
  `hashtag` varchar(255) NOT NULL
) ENGINE=InnoDB DEFAULT CHARSET=utf8mb4;

--
-- Dumping data for table `hashtag`
--

INSERT INTO `hashtag` (`idHashtag`, `hashtag`) VALUES
(1, 'USA'),
(2, 'bestDestinations'),
(3, 'localGuid'),
(4, 'airbnbs'),
(5, 'placesToVisit'),
(6, 'bestPlaces'),
(7, 'summer'),
(8, 'winter'),
(9, 'spring'),
(10, 'autmn'),
(11, 'bucketList'),
(12, 'soloTravel');

-- --------------------------------------------------------

--
-- Table structure for table `images`
--

CREATE TABLE `images` (
  `idImage` int(255) NOT NULL,
  `src` varchar(255) NOT NULL,
  `idPost` int(255) NOT NULL
) ENGINE=InnoDB DEFAULT CHARSET=utf8mb4;

--
-- Dumping data for table `images`
--

INSERT INTO `images` (`idImage`, `src`, `idPost`) VALUES
(2, 'solo2.jpg', 3),
(4, 'australia2.jpg', 10),
(5, 'japan2.jpg', 5),
(7, 'uganda2.jpg', 7),
(8, 'texsas2.jpg', 8),
(9, 'santorini2.jpg', 9),
(10, 'covid2.jpg', 4),
(11, 'solo3.jpg', 3),
(12, 'bucket2.jpeg', 1),
(13, 'usa2.jpg', 2),
(14, 'santorini3.jpg', 9),
(15, 'texsas3.jpg', 8),
(16, 'texsas4.jpg', 8),
(17, 'covid3.jpg', 4),
(18, 'uganda3.jpg', 7),
(19, 'bucket3.jpg', 1),
(20, 'china3.jpg', 6),
(21, 'japan3.jpg', 5),
(22, 'usa3.jpg', 2),
(24, 'australia3.jpg', 10),
(25, 'yellowstone2.jpg', 11),
(26, 'yellowstone3.jpg', 11),
(27, 'yellowstone4.jpg', 11),
(30, 'lp1.jpg', 13),
(31, 'lp2.jpg', 13),
(32, 'lp3.jpg', 13),
(33, 'lp4.jpg', 13),
(34, 'lp5.jpg', 13),
(35, 'rocky1.jpg', 14),
(37, 'rocky3.jpg', 14),
(38, 'boston1.jpg', 15),
(39, 'boston2.jpg', 15),
(40, 'boston3.jpg', 15),
(42, 'boston5.jpg', 15),
(43, 'boston7.jpg', 15),
(44, 'fall1.jpg', 16),
(45, 'fall2.jpg', 16),
(46, 'fall3.jpg', 16),
(47, 'fall4.jpg', 16),
(48, 'ultimate2.jpg', 12),
(75, 'Banff-in-Winter-Vermillion-Lakes-5.jpg', 36),
(76, 'Banff-in-Winter-Two-Jack-Lake-2.jpg', 36),
(77, 'Banff-in-Winter-Vermillion-Lakes-1.jpg', 36),
(78, '1Central-Park-2.jpg', 37),
(79, '1Hudson-River-Park.jpg', 37),
(80, 'NYC-Filler-Photo-4.jpg', 37),
(81, '1Bagels-NYC.jpg', 37),
(133, '1615743527bb.jpg', 1),
(134, '1615743862usa15.jpg', 2),
(135, '1615744163solo55.jpg', 3),
(136, '1615744247covid5.jpg', 4),
(137, '1615744417osaka33.jpg', 5),
(138, '1615744417osaka44.jpg', 5),
(139, '1615744523local.jpg', 6),
(140, '1615744559local2.jpg', 6),
(141, '1615744653uganda4.jpg', 7),
(142, '1615744700uganda6.jpg', 7),
(143, '1615744806airb.jpg', 8),
(145, '1615744806airb6.jpg', 8),
(146, '1615744806arib6.jpg', 8),
(154, '1615745210asutralia.jpg', 10),
(155, '1615745210australia6.jpg', 10),
(157, '16157458883d.jpg', 12),
(158, '1615746107rm.jpg', 14),
(159, '1615746107rm2.jpg', 14);

-- --------------------------------------------------------

--
-- Table structure for table `likes`
--

CREATE TABLE `likes` (
  `idLike` int(255) NOT NULL,
  `idPost` int(255) NOT NULL,
  `idUser` int(255) NOT NULL
) ENGINE=InnoDB DEFAULT CHARSET=utf8mb4;

--
-- Dumping data for table `likes`
--

INSERT INTO `likes` (`idLike`, `idPost`, `idUser`) VALUES
(2, 9, 4),
(3, 5, 1),
(35, 9, 6),
(36, 5, 6),
(37, 9, 1),
(40, 9, 5),
(44, 7, 1),
(45, 6, 1),
(46, 10, 1),
(47, 10, 5),
(49, 2, 5),
(50, 4, 1),
(51, 13, 1),
(53, 37, 1),
(54, 2, 1),
(55, 4, 5),
(56, 37, 5),
(59, 3, 1),
(60, 3, 5),
(62, 36, 1),
(63, 1, 1);

-- --------------------------------------------------------

--
-- Table structure for table `menu`
--

CREATE TABLE `menu` (
  `id` bigint(20) NOT NULL,
  `name` varchar(255) COLLATE utf8mb4_unicode_ci NOT NULL,
  `route` varchar(255) COLLATE utf8mb4_unicode_ci NOT NULL,
  `preview` int(11) NOT NULL,
  `priority` int(2) NOT NULL,
  `created_at` timestamp NULL DEFAULT NULL,
  `updated_at` timestamp NULL DEFAULT NULL
) ENGINE=InnoDB DEFAULT CHARSET=utf8mb4 COLLATE=utf8mb4_unicode_ci;

--
-- Dumping data for table `menu`
--

INSERT INTO `menu` (`id`, `name`, `route`, `preview`, `priority`, `created_at`, `updated_at`) VALUES
(1, 'Home', 'index', 0, 0, NULL, NULL),
(2, 'Blog', 'blog', 0, 0, NULL, NULL),
(3, 'About', 'about', 0, 0, NULL, NULL),
(4, 'Contact', 'contact', 0, 0, NULL, NULL),
(5, 'Admin', 'admin', 2, 5, NULL, NULL),
(6, 'Log in', 'login', 1, 15, NULL, NULL),
(7, 'Log out', 'logout', 3, 15, NULL, NULL),
(8, 'Profile', 'editProfile', 3, 10, NULL, NULL),
(9, 'Add Post', 'addPost', 4, 10, NULL, NULL);

-- --------------------------------------------------------

--
-- Table structure for table `messages`
--

CREATE TABLE `messages` (
  `id` int(255) NOT NULL,
  `firstName` varchar(20) NOT NULL,
  `lastName` varchar(30) NOT NULL,
  `email` varchar(255) NOT NULL,
  `subject` varchar(255) NOT NULL,
  `message` text NOT NULL
) ENGINE=InnoDB DEFAULT CHARSET=utf8mb4;

--
-- Dumping data for table `messages`
--

INSERT INTO `messages` (`id`, `firstName`, `lastName`, `email`, `subject`, `message`) VALUES
(1, 'Milica', 'Jovanovic', 'mikipn99@gmail.com', 'Nemam neki naslov', ' bla bla bla bla bla bla bla bla bla bla bla bla bla bla bla bla bla bla bla bla bla bla'),
(4, 'Pera', 'Peric', 'pera@gmail.com', 'Naslov', 'Poruka poruka poruka poruka poruka poruka poruka poruka poruka poruka poruka poruka poruka poruka poruka poruka poruka poruka poruka poruka poruka'),
(9, 'Milica', 'Jovanovic', 'mikipn99@gmail.com', 'Nemam neki naslov', 'Nemam neki naslovNemam neki naslovNemam neki naslovNemam neki naslovNemam neki naslovNemam neki naslovNemam neki naslovNemam neki naslovNemam neki naslovNemam neki naslovNemam neki naslov'),
(12, 'Milica', 'Jovanovic', 'mikipn99@gmail.com', 'Nemam neki naslov', 'Nemam neki naslovNemam neki naslovNemam neki naslovNemam neki naslovNemam neki naslovNemam neki naslovNemam neki naslovNemam neki naslov'),
(13, 'Milica', 'Jovanovic', 'mikipn99@gmail.com', 'Nemam neki naslov', 'Nemam neki naslovNemam neki naslovNemam neki naslovNemam neki naslovNemam neki naslovNemam neki naslovNemam neki naslovNemam neki naslov'),
(22, 'Milica', 'Jovanovic', 'mikipn99@gmail.com', 'Nemam neki naslov', 'Nemam neki naslovNemam neki naslovNemam neki naslovNemam neki naslovNemam neki naslovNemam neki naslov'),
(24, 'Milica', 'Jovanovic', 'mikipn99@gmail.com', 'Nemam neki naslov', 'Nemam neki naslovNemam neki naslovNemam neki naslovNemam neki naslovNemam neki naslovNemam neki naslov'),
(30, 'Milica', 'Jovanovic', 'aaaaaa@gmail.com', 'Nemam neki naslov', 'Nemam neki naslovNemam neki naslovNemam neki naslovNemam neki naslovNemam neki naslovNemam neki naslov'),
(31, 'Milica', 'Jovanovic', 'aaaaaa@gmail.com', 'Nemam neki naslov', 'Nemam neki naslovNemam neki naslovNemam neki naslovNemam neki naslovNemam neki naslovNemam neki naslov');

-- --------------------------------------------------------

--
-- Table structure for table `migrations`
--

CREATE TABLE `migrations` (
  `id` int(10) UNSIGNED NOT NULL,
  `migration` varchar(255) COLLATE utf8mb4_unicode_ci NOT NULL,
  `batch` int(11) NOT NULL
) ENGINE=InnoDB DEFAULT CHARSET=utf8mb4 COLLATE=utf8mb4_unicode_ci;

--
-- Dumping data for table `migrations`
--

INSERT INTO `migrations` (`id`, `migration`, `batch`) VALUES
(1, '2014_10_12_000000_create_users_table', 1),
(2, '2014_10_12_100000_create_password_resets_table', 1),
(3, '2019_08_19_000000_create_failed_jobs_table', 1),
(4, '2021_03_03_172902_create_menu_table', 1),
(5, '2021_03_03_211000_create_posts_table', 1),
(7, '2021_03_06_143325_create_roles_table', 2);

-- --------------------------------------------------------

--
-- Table structure for table `password_resets`
--

CREATE TABLE `password_resets` (
  `email` varchar(255) COLLATE utf8mb4_unicode_ci NOT NULL,
  `token` varchar(255) COLLATE utf8mb4_unicode_ci NOT NULL,
  `created_at` timestamp NULL DEFAULT NULL
) ENGINE=InnoDB DEFAULT CHARSET=utf8mb4 COLLATE=utf8mb4_unicode_ci;

-- --------------------------------------------------------

--
-- Table structure for table `posthashtag`
--

CREATE TABLE `posthashtag` (
  `idPostHashtag` int(255) NOT NULL,
  `idPost` int(255) NOT NULL,
  `idHashtag` int(255) NOT NULL
) ENGINE=InnoDB DEFAULT CHARSET=utf8mb4;

--
-- Dumping data for table `posthashtag`
--

INSERT INTO `posthashtag` (`idPostHashtag`, `idPost`, `idHashtag`) VALUES
(27, 36, 2),
(28, 36, 8),
(162, 37, 1),
(163, 37, 3),
(164, 37, 6),
(165, 37, 7),
(194, 2, 5),
(197, 3, 2),
(198, 3, 12),
(199, 5, 3),
(200, 5, 9),
(205, 6, 3),
(206, 6, 8),
(211, 7, 7),
(212, 7, 8),
(213, 7, 9),
(214, 7, 10),
(217, 8, 4),
(218, 10, 7),
(222, 11, 7),
(223, 11, 9),
(226, 12, 7),
(227, 12, 10),
(228, 13, 2),
(229, 13, 10),
(234, 14, 7),
(235, 14, 8),
(236, 14, 9),
(237, 14, 10),
(238, 15, 3),
(239, 15, 7),
(240, 15, 8),
(241, 15, 9),
(242, 15, 10),
(246, 16, 1),
(247, 16, 10),
(250, 1, 5),
(251, 1, 11),
(252, 1, 12);

-- --------------------------------------------------------

--
-- Table structure for table `posts`
--

CREATE TABLE `posts` (
  `id` int(255) NOT NULL,
  `title` varchar(255) COLLATE utf8mb4_unicode_ci NOT NULL,
  `img` varchar(255) COLLATE utf8mb4_unicode_ci NOT NULL,
  `text` text COLLATE utf8mb4_unicode_ci NOT NULL,
  `date` timestamp NOT NULL DEFAULT current_timestamp(),
  `idUser` int(255) NOT NULL,
  `approved` int(1) NOT NULL DEFAULT 0,
  `created_at` timestamp NULL DEFAULT NULL,
  `updated_at` timestamp NULL DEFAULT NULL
) ENGINE=InnoDB DEFAULT CHARSET=utf8mb4 COLLATE=utf8mb4_unicode_ci;

--
-- Dumping data for table `posts`
--

INSERT INTO `posts` (`id`, `title`, `img`, `text`, `date`, `idUser`, `approved`, `created_at`, `updated_at`) VALUES
(1, 'Travel Bucket List for 2021', 'bucketList.jpg', '<p style=\"box-sizing: inherit; margin-bottom: 26px; color: rgb(115, 115, 111); font-family: lato, sans-serif; font-size: 16px;\">It seems like a lifetime ago that I was creating my&nbsp;<a href=\"https://www.theblondeabroad.com/travel-bucket-list-for-2020/\" style=\"box-sizing: inherit; color: rgb(187, 135, 118); transition: all 0.1s ease-in-out 0s;\">2020 travel bucket list</a>! While things have certainly changed since way back then, one thing remains the same:</p><p style=\"box-sizing: inherit; margin-bottom: 26px; color: rgb(115, 115, 111); font-family: lato, sans-serif; font-size: 16px; text-align: center;\"><span style=\"box-sizing: inherit; font-weight: 700;\">wanderlust is incurable. No matter how many places you explore, there are always countless experiences waiting for you.</span></p><p style=\"box-sizing: inherit; margin-bottom: 26px; color: rgb(115, 115, 111); font-family: lato, sans-serif; font-size: 16px;\">The good news is that you don’t have to cross the globe to experience a magical adventure. In fact, on this year’s travel bucket, we’re not talking about crossing borders at all.</p><p style=\"box-sizing: inherit; margin-bottom: 26px; color: rgb(115, 115, 111); font-family: lato, sans-serif; font-size: 16px;\">With our passports safely tucked away, let’s run through the best domestic trips and (socially-distanced) adventures to be had near you — wherever on this beautiful planet you might be.</p><h4 style=\"box-sizing: inherit; color: rgb(115, 115, 111); font-family: jules_biglight, sans-serif; margin-top: 0px; margin-bottom: 16px; font-size: 2rem; letter-spacing: 0.2px; text-align: center;\">Here is my ultimate travel bucket list for 2021!</h4><h2 style=\"box-sizing: inherit; color: rgb(115, 115, 111); font-family: saturday_scriptregular; margin-top: 0px; margin-bottom: 20px; line-height: 60px; text-align: center; font-size: 40px !important;\">Go On a Solo Trip</h2><p style=\"box-sizing: inherit; margin-bottom: 26px; color: rgb(115, 115, 111); font-family: lato, sans-serif; font-size: 16px;\">If you’ve never been on a solo trip before, make this your year. It doesn’t matter where you go, just go further than you’ve ever been on your own before.</p><p style=\"box-sizing: inherit; margin-bottom: 26px; color: rgb(115, 115, 111); font-family: lato, sans-serif; font-size: 16px;\">Learning to simply enjoy your own company is truly one of the best things you can do for yourself. And, that doesn’t have to mean crossing the globe solo.</p><p style=\"box-sizing: inherit; margin-bottom: 26px; color: rgb(115, 115, 111); font-family: lato, sans-serif; font-size: 16px;\">Work your way up. Go to a new cafe on your own and just enjoy the peace and quiet. Geek out at a gallery or watch a movie that only you want to see. Treat yourself to a weekend away in the next town over.</p><p style=\"box-sizing: inherit; margin-bottom: 26px; color: rgb(115, 115, 111); font-family: lato, sans-serif; font-size: 16px; text-align: center;\"><span style=\"box-sizing: inherit; font-weight: 700;\">You’ve probably read some of&nbsp;<a href=\"https://www.theblondeabroad.com/solo-travel/\" style=\"box-sizing: inherit; color: rgb(187, 135, 118); font-weight: 400; transition: all 0.1s ease-in-out 0s;\">my tips for getting started with solo travel</a>, and now is the time to dig in. Trust me, you’re going to find that you are actually a pretty amazing company.</span></p><p style=\"box-sizing: inherit; margin-bottom: 26px; color: rgb(115, 115, 111); font-family: lato, sans-serif; font-size: 16px; text-align: center;\"><span style=\"box-sizing: inherit; font-weight: 700;\"><br></span></p><p style=\"box-sizing: inherit; margin-bottom: 26px; color: rgb(115, 115, 111); font-family: lato, sans-serif; font-size: 16px; text-align: center;\"><span style=\"box-sizing: inherit; font-weight: 700;\"></span></p><h2 style=\"box-sizing: inherit; color: rgb(115, 115, 111); font-family: saturday_scriptregular; margin-top: 0px; margin-bottom: 20px; line-height: 60px; text-align: center; font-size: 40px !important;\">Do a Staycation in Your City</h2><p style=\"box-sizing: inherit; color: rgb(115, 115, 111); font-family: saturday_scriptregular; margin-top: 0px; margin-bottom: 20px; line-height: 60px; text-align: center; font-size: 40px !important;\"><br></p><p style=\"box-sizing: inherit; margin-bottom: 26px; color: rgb(115, 115, 111); font-family: lato, sans-serif; font-size: 16px;\">Whether you do it solo, with your special someone, or with a group of girlfriends, now is the time for us all to appreciate our homes a little bit more. Find a way to see your city from new eyes and remember why you loved it so much to begin with.</p><p style=\"box-sizing: inherit; margin-bottom: 26px; color: rgb(115, 115, 111); font-family: lato, sans-serif; font-size: 16px;\"><span style=\"box-sizing: inherit; font-weight: 700;\">Steal some tips from my&nbsp;<a href=\"https://www.theblondeabroad.com/how-to-plan-the-perfect-staycation/\" style=\"box-sizing: inherit; color: rgb(187, 135, 118); font-weight: 400; transition: all 0.1s ease-in-out 0s;\">How to Plan the Perfect Staycation</a>. From free excursions to treat-yourself weekends, there are so many ways to enjoy yourself without going anywhere.</span></p>', '2021-03-03 21:25:19', 5, 1, NULL, NULL),
(2, 'The Best Places to Travel in the USA', 'usa.jpg', '<p style=\"box-sizing: inherit; margin-bottom: 26px; color: rgb(115, 115, 111); font-family: lato, sans-serif; font-size: 16px; text-align: center;\"><span style=\"box-sizing: inherit; font-weight: 700;\">For those that are looking to explore regionally and safely, this is for you!</span></p><p style=\"box-sizing: inherit; margin-bottom: 26px; color: rgb(115, 115, 111); font-family: lato, sans-serif; font-size: 16px;\">While international travel is at a bit of a standstill and some places are opening back up with different restrictions in place, you may be trying to figure out where can Americans travel right now. As many folks are opting to stay domestic right now,&nbsp;<a href=\"https://theblondeabroad.com/usa-road-trips/\" style=\"box-sizing: inherit; color: rgb(187, 135, 118); transition: all 0.1s ease-in-out 0s;\">USA road trips</a>&nbsp;have become quite popular.</p><p style=\"box-sizing: inherit; margin-bottom: 26px; color: rgb(115, 115, 111); font-family: lato, sans-serif; font-size: 16px;\">Whether you’re&nbsp;<a href=\"https://theblondeabroad.com/10-essential-tips-for-your-road-trip/\" style=\"box-sizing: inherit; color: rgb(187, 135, 118); transition: all 0.1s ease-in-out 0s;\">road tripping for the first time</a>, looking for the&nbsp;<a href=\"https://theblondeabroad.com/best-road-trips-usa/\" style=\"box-sizing: inherit; color: rgb(187, 135, 118); transition: all 0.1s ease-in-out 0s;\">best road trips to take in the USA</a>, or you just want to&nbsp;<a href=\"https://theblondeabroad.com/best-cities-to-travel-alone-in-the-usa/\" style=\"box-sizing: inherit; color: rgb(187, 135, 118); transition: all 0.1s ease-in-out 0s;\">explore the best cities in the USA</a>—you’ve come to the right place.</p><h4 style=\"box-sizing: inherit; color: rgb(115, 115, 111); font-family: jules_biglight, sans-serif; margin-top: 0px; margin-bottom: 16px; font-size: 2rem; letter-spacing: 0.2px; text-align: center;\">If you’re taking a road trip&nbsp;or flying domestically and looking to explore somewhere new, here are my suggestions for the best USA places to travel to right now!</h4><p style=\"box-sizing: inherit; color: rgb(115, 115, 111); font-family: jules_biglight, sans-serif; margin-top: 0px; margin-bottom: 16px; font-size: 2rem; letter-spacing: 0.2px; text-align: center;\"><br></p><h2 style=\"box-sizing: inherit; color: rgb(115, 115, 111); font-family: saturday_scriptregular; margin-top: 0px; margin-bottom: 20px; line-height: 60px; text-align: center; font-size: 40px !important;\">California</h2><p style=\"box-sizing: inherit; margin-bottom: 26px; color: rgb(115, 115, 111); font-family: lato, sans-serif; font-size: 16px;\">As my home state, California is near and dear to my heart, and, in my opinion, one of the best places to road trip! From&nbsp;<a href=\"https://theblondeabroad.com/10-day-california-coast-road-trip-itinerary/\" style=\"box-sizing: inherit; color: rgb(187, 135, 118); transition: all 0.1s ease-in-out 0s;\">road tripping the California coast</a>&nbsp;to visiting&nbsp;<a href=\"https://theblondeabroad.com/ultimate-two-week-california-national-park-road-trip-itinerary/\" style=\"box-sizing: inherit; color: rgb(187, 135, 118); transition: all 0.1s ease-in-out 0s;\">some iconic national parks</a>, California has a ton to offer.</p><p style=\"box-sizing: inherit; margin-bottom: 26px; color: rgb(115, 115, 111); font-family: lato, sans-serif; font-size: 16px;\"><br></p><h3 style=\"box-sizing: inherit; color: rgb(115, 115, 111); font-family: jules_biglight, sans-serif; margin-top: 0px; margin-bottom: 16px; font-size: 2.2rem;\">Southern California</h3><p style=\"box-sizing: inherit; margin-bottom: 26px; color: rgb(115, 115, 111); font-family: lato, sans-serif; font-size: 16px;\">Born and raised in Southern California, I’m a bit biased. While the beaches are some of the most beautiful in the country (aside from Hawaii, of course), you’ve got a variety of different terrain here, too.</p><p style=\"box-sizing: inherit; margin-bottom: 26px; color: rgb(115, 115, 111); font-family: lato, sans-serif; font-size: 16px;\">Essentially you can come for the beaches but then stay for the desert and all the glistening stars in&nbsp;<a href=\"https://theblondeabroad.com/the-ultimate-guide-to-joshua-tree-in-a-weekend/\" style=\"box-sizing: inherit; color: rgb(187, 135, 118); transition: all 0.1s ease-in-out 0s;\">Joshua Tree</a>! An ideal place to get your distance from others and relax, Joshua Tree is an incredible escape from it all.</p><p style=\"box-sizing: inherit; margin-bottom: 26px; color: rgb(115, 115, 111); font-family: lato, sans-serif; font-size: 16px;\"><br></p><h2 style=\"box-sizing: inherit; color: rgb(115, 115, 111); font-family: saturday_scriptregular; margin-top: 0px; margin-bottom: 20px; line-height: 60px; text-align: center; font-size: 40px !important;\">Oregon</h2><p style=\"box-sizing: inherit; margin-bottom: 26px; color: rgb(115, 115, 111); font-family: lato, sans-serif; font-size: 16px;\">With rugged coastlines and vast forests, Oregon is the ideal place to climb that mountain and get your fill of waterfalls. If you love camping, there are so many campgrounds to choose from—just make sure to book ahead.</p><h2 style=\"box-sizing: inherit; color: rgb(115, 115, 111); font-family: saturday_scriptregular; margin-top: 0px; margin-bottom: 20px; line-height: 60px; text-align: center; font-size: 40px !important;\">Maine</h2><p style=\"box-sizing: inherit; margin-bottom: 26px; color: rgb(115, 115, 111); font-family: lato, sans-serif; font-size: 16px;\">There’s a common theme on this list of places with rugged, natural beauty…and I’m particularly fond of coastlines. Maine’s rocky shores are a splendid place for isolation and there are tons of places to go hiking, biking, or explore the waterfront.</p><p style=\"box-sizing: inherit; margin-bottom: 26px; color: rgb(115, 115, 111); font-family: lato, sans-serif; font-size: 16px; text-align: center;\"><span style=\"box-sizing: inherit; font-weight: 700;\">For the ultimate getaway, check out the gorgeous Acadia National Park.</span></p>', '2021-03-03 21:25:19', 5, 1, NULL, NULL),
(3, 'Safest Destinations for Solo Female Travelers', 'solo.jpg', '<p style=\"box-sizing: inherit; margin-bottom: 26px; color: rgb(115, 115, 111); font-family: lato, sans-serif; font-size: 16px;\">I’ve written quite a few articles on&nbsp;<a title=\"Ten Essential Tips For Solo Female Travelers\" href=\"https://theblondeabroad.com/female-travel/\" style=\"box-sizing: inherit; color: rgb(187, 135, 118); transition: all 0.1s ease-in-out 0s;\">solo female travel tips</a>&nbsp;and why every woman should venture out on her own but,&nbsp;I’m often&nbsp;asked, “<em style=\"box-sizing: inherit;\">Where</em>&nbsp;is it safe for women to travel solo?”</p><p style=\"box-sizing: inherit; margin-bottom: 26px; color: rgb(115, 115, 111); font-family: lato, sans-serif; font-size: 16px;\">While there may be some destinations that are safer&nbsp;than others, the world is not as scary as some&nbsp;might think.&nbsp;With a positive attitude and general street smarts, there are plenty of places in the world where you can feel safe and secure on your own.</p><h3 style=\"box-sizing: inherit; color: rgb(115, 115, 111); font-family: jules_biglight, sans-serif; margin-top: 0px; margin-bottom: 16px; font-size: 2.2rem; text-align: center;\">Here are some of the safest destinations for solo female travelers!</h3><h2 style=\"box-sizing: inherit; color: rgb(115, 115, 111); font-family: saturday_scriptregular; margin-top: 0px; margin-bottom: 20px; line-height: 60px; text-align: center; font-size: 40px !important;\">Iceland</h2><p style=\"box-sizing: inherit; margin-bottom: 26px; color: rgb(115, 115, 111); font-family: lato, sans-serif; font-size: 16px;\">Even though Iceland’s nickname of “The Land of Fire &amp; Ice” sounds intimidating, solo travel is comfortable and easy here. The city of Reykjavik is famous&nbsp;for its music scene and nightlife, so you’ll have no problem meeting locals and fellow travelers.</p><p style=\"box-sizing: inherit; margin-bottom: 26px; color: rgb(115, 115, 111); font-family: lato, sans-serif; font-size: 16px;\">There are countless reasons to visit Iceland, but it’s her&nbsp;natural beauty that steals the show.&nbsp;Join a tour and&nbsp;snorkel or&nbsp;<a href=\"https://theblondeabroad.com/2017/03/16/diving-the-silfra-fissure-in-iceland/\" style=\"box-sizing: inherit; color: rgb(187, 135, 118); transition: all 0.1s ease-in-out 0s;\">dive the Silfra Fissure</a>&nbsp;and&nbsp;<a title=\"Glacier Hiking and Ice Climbing in Iceland\" href=\"https://theblondeabroad.com/2014/11/05/ice-climbing-iceland/\" style=\"box-sizing: inherit; color: rgb(187, 135, 118); transition: all 0.1s ease-in-out 0s;\">hike a glacier</a>. And don’t miss a bath&nbsp;at the beautiful&nbsp;<a title=\"Visiting the Blue Lagoon in Iceland\" href=\"https://theblondeabroad.com/2014/11/04/visiting-blue-lagoon-iceland/\" style=\"box-sizing: inherit; color: rgb(187, 135, 118); transition: all 0.1s ease-in-out 0s;\">Blue Lagoon</a>!</p><h2 style=\"box-sizing: inherit; color: rgb(115, 115, 111); font-family: saturday_scriptregular; margin-top: 0px; margin-bottom: 20px; line-height: 60px; text-align: center; font-size: 40px !important;\">Switzerland</h2><p style=\"box-sizing: inherit; margin-bottom: 26px; color: rgb(115, 115, 111); font-family: lato, sans-serif; font-size: 16px;\">From the drop-dead gorgeous mountain views, meadows on meadows of beautiful wildflowers, and the Rhône river backdrops, Switzerland is one of the most picturesque countries.</p><p style=\"box-sizing: inherit; margin-bottom: 26px; color: rgb(115, 115, 111); font-family: lato, sans-serif; font-size: 16px;\">If you’re visiting Switzerland in the winter, the Swiss Alps and&nbsp;<a href=\"https://theblondeabroad.com/top-ten-things-to-do-in-interlaken-in-the-winter/\" style=\"box-sizing: inherit; color: rgb(187, 135, 118); transition: all 0.1s ease-in-out 0s;\">Interlaken</a>&nbsp;are a must. If you’re interested in looking at stunning architecture all day,&nbsp;<a href=\"https://theblondeabroad.com/20-photos-to-inspire-you-to-visit-bern/\" style=\"box-sizing: inherit; color: rgb(187, 135, 118); transition: all 0.1s ease-in-out 0s;\">Bern</a>&nbsp;gets an honorable mention for being so dang beautiful.</p><p style=\"box-sizing: inherit; margin-bottom: 26px; color: rgb(115, 115, 111); font-family: lato, sans-serif; font-size: 16px;\"><a href=\"https://theblondeabroad.com/tag/geneva\" style=\"box-sizing: inherit; color: rgb(187, 135, 118); transition: all 0.1s ease-in-out 0s;\">Geneva</a>&nbsp;was one of my favorite spots on my recent summer in Europe—with access to the lakeshore, the jet d’eau, Parc de la Grange, and more, it’s the perfect spot to be immersed in the Swiss culture.</p><h2 style=\"box-sizing: inherit; color: rgb(115, 115, 111); font-family: saturday_scriptregular; margin-top: 0px; margin-bottom: 20px; line-height: 60px; text-align: center; font-size: 40px !important;\">New Zealand</h2><p style=\"box-sizing: inherit; margin-bottom: 26px; color: rgb(115, 115, 111); font-family: lato, sans-serif; font-size: 16px;\">Adventure awaits in the glaciers, beaches, and&nbsp;fjords&nbsp;of&nbsp;<a href=\"https://theblondeabroad.com/category/new-zealand\" style=\"box-sizing: inherit; color: rgb(187, 135, 118); transition: all 0.1s ease-in-out 0s;\">New Zealand</a>. In New Zealand,&nbsp;you’ll come across some of the most beautiful landscapes in the world.&nbsp;If you don’t believe me, ask fellow female travel blogger,&nbsp;<a href=\"http://youngadventuress.com/category/new-zealand-2\" rel=\"noopener\" style=\"box-sizing: inherit; color: rgb(187, 135, 118); transition: all 0.1s ease-in-out 0s;\">Young Adventuress</a>.</p><p style=\"box-sizing: inherit; margin-bottom: 26px; color: rgb(115, 115, 111); font-family: lato, sans-serif; font-size: 16px; text-align: center;\"><span style=\"box-sizing: inherit; font-weight: 700;\">She loved traveling solo here SO&nbsp;much she made it her new home!</span></p><h2 style=\"box-sizing: inherit; color: rgb(115, 115, 111); font-family: saturday_scriptregular; margin-top: 0px; margin-bottom: 20px; line-height: 60px; text-align: center; font-size: 40px !important;\">Australia</h2><p style=\"box-sizing: inherit; margin-bottom: 26px; color: rgb(115, 115, 111); font-family: lato, sans-serif; font-size: 16px;\">Australia is home to some of the most diverse wildlife and landscapes in the world, and it was the destination of my first ever solo trip abroad! I explored&nbsp;<a href=\"https://theblondeabroad.com/2018/07/17/tips-for-planning-your-trip-to-uluru/\" style=\"box-sizing: inherit; color: rgb(187, 135, 118); transition: all 0.1s ease-in-out 0s;\">The Outback and Uluru</a>, rode&nbsp;<a href=\"https://theblondeabroad.com/2018/07/19/riding-the-ghan-train-in-australias-outback/\" style=\"box-sizing: inherit; color: rgb(187, 135, 118); transition: all 0.1s ease-in-out 0s;\">the Ghan Train</a>&nbsp;and hiked through&nbsp;<a href=\"https://theblondeabroad.com/2018/07/18/kata-tjuta-and-hiking-valley-of-the-winds/\" style=\"box-sizing: inherit; color: rgb(187, 135, 118); transition: all 0.1s ease-in-out 0s;\">Kata Tjuta and the Valley of the Winds</a>.</p><p style=\"box-sizing: inherit; margin-bottom: 26px; color: rgb(115, 115, 111); font-family: lato, sans-serif; font-size: 16px; text-align: center;\"><span style=\"box-sizing: inherit; font-weight: 700;\"></span></p><p style=\"box-sizing: inherit; margin-bottom: 26px; color: rgb(115, 115, 111); font-family: lato, sans-serif; font-size: 16px;\">You should also explore the bigger cities of&nbsp;<a href=\"https://theblondeabroad.com/2014/02/26/sydney-travel-tips/\" style=\"box-sizing: inherit; color: rgb(187, 135, 118); transition: all 0.1s ease-in-out 0s;\">Sydney</a>,&nbsp;<a href=\"https://theblondeabroad.com/tag/melbourne/\" style=\"box-sizing: inherit; color: rgb(187, 135, 118); transition: all 0.1s ease-in-out 0s;\">Melbourne</a>&nbsp;and the stunning Gold Coast, but don’t limit yourself—rent a car and hit the road.</p>', '2021-03-03 22:24:42', 5, 1, NULL, NULL),
(4, 'Tips for Traveling with COVID-19', 'covid.jpg', '<p style=\"box-sizing: inherit; margin-bottom: 26px; color: rgb(115, 115, 111); font-family: lato, sans-serif; font-size: 16px;\">If there is anything that we learned in 2020, it’s that you can’t always predict the future. As you start thinking about COVID-era travel, keep a very open mind. Understand that restrictions are constantly in flux. Certain things might be closed and you’ve got to be adaptable.</p><p style=\"box-sizing: inherit; margin-bottom: 26px; color: rgb(115, 115, 111); font-family: lato, sans-serif; font-size: 16px; text-align: center;\"><span style=\"box-sizing: inherit; font-weight: 700;\">I talked before about&nbsp;<a href=\"https://theblondeabroad.com/what-the-future-of-travel-will-look-like-with-covid-19/\" style=\"box-sizing: inherit; color: rgb(187, 135, 118); font-weight: 400; transition: all 0.1s ease-in-out 0s;\">What the Future of Travel Will Look Like with COVID-19</a>, and there’s definitely a lot to unpack.</span></p><p style=\"box-sizing: inherit; margin-bottom: 26px; color: rgb(115, 115, 111); font-family: lato, sans-serif; font-size: 16px;\">Before you commit to any destination, do your research.&nbsp;<a href=\"https://www.appintheair.mobi/\" style=\"box-sizing: inherit; color: rgb(187, 135, 118); transition: all 0.1s ease-in-out 0s;\">Check out&nbsp;</a><a href=\"https://www.appintheair.mobi/\" style=\"box-sizing: inherit; color: rgb(187, 135, 118); transition: all 0.1s ease-in-out 0s;\">App</a><a href=\"https://www.appintheair.mobi/\" style=\"box-sizing: inherit; color: rgb(187, 135, 118); transition: all 0.1s ease-in-out 0s;\">&nbsp;in the Air</a>&nbsp;and visit the government or official tourism site for the destination. Every single location is different. They might require negative tests or require quarantining upon arrival. Know exactly what to go before you go.</p><p style=\"box-sizing: inherit; margin-bottom: 26px; color: rgb(115, 115, 111); font-family: lato, sans-serif; font-size: 16px; text-align: center;\"><span style=\"box-sizing: inherit; font-weight: 700;\">Globally, there are borders opening and closing, and restrictions keep fluctuating.</span></p><p style=\"box-sizing: inherit; margin-bottom: 26px; color: rgb(115, 115, 111); font-family: lato, sans-serif; font-size: 16px;\">From my personal experience, the rules and requirements are very confusing, so whether or not you’re open to traveling right now, this post is meant to provide insight into what travel might look like for the foreseeable future.</p><h4 style=\"box-sizing: inherit; color: rgb(115, 115, 111); font-family: jules_biglight, sans-serif; margin-top: 0px; margin-bottom: 16px; font-size: 2rem; letter-spacing: 0.2px; text-align: center;\">If you are planning a trip, there are a few things to consider before you book. Here are tips for traveling with COVID-19 testing requirements!</h4><h2 style=\"box-sizing: inherit; color: rgb(115, 115, 111); font-family: saturday_scriptregular; margin-top: 0px; margin-bottom: 20px; line-height: 60px; text-align: center; font-size: 40px !important;\">Getting the COVID Test for Travel</h2><p style=\"box-sizing: inherit; margin-bottom: 26px; color: rgb(115, 115, 111); font-family: lato, sans-serif; font-size: 16px;\"><a href=\"https://theblondeabroad.com/ultimate-moorea-travel-guide/\" style=\"box-sizing: inherit; color: rgb(187, 135, 118); transition: all 0.1s ease-in-out 0s;\">Mo’orea</a>&nbsp;in&nbsp;<a href=\"https://theblondeabroad.com/ultimate-french-polynesia-travel-guide/\" style=\"box-sizing: inherit; color: rgb(187, 135, 118); transition: all 0.1s ease-in-out 0s;\">French Polynesia</a>&nbsp;was my first international trip since COVID came into the picture and it was a learning experience for me.</p><p style=\"box-sizing: inherit; margin-bottom: 26px; color: rgb(115, 115, 111); font-family: lato, sans-serif; font-size: 16px; text-align: center;\"><span style=\"box-sizing: inherit; font-weight: 700;\">Like many places with borders “open,” French Polynesia requires a negative COVID test to travel to the country.</span></p><p style=\"box-sizing: inherit; margin-bottom: 26px; color: rgb(115, 115, 111); font-family: lato, sans-serif; font-size: 16px;\">However, not all tests are the same and it’s VERY important that you read the exact requirements for the destination you’re traveling to! I checked the entry requirements and got my hands on the complete list of test manufacturers French Polynesia accepts.</p><p style=\"box-sizing: inherit; margin-bottom: 26px; color: rgb(115, 115, 111); font-family: lato, sans-serif; font-size: 16px; text-align: center;\"><span style=\"box-sizing: inherit; font-weight: 700;\">For countries and destinations that allow travel with a negative COVID test, there are usually explicit requirements stated on the government tourism website.</span></p><p style=\"box-sizing: inherit; margin-bottom: 26px; color: rgb(115, 115, 111); font-family: lato, sans-serif; font-size: 16px;\">For example, French Polynesia requires a PCR test within 72 hours of travel AND only accepts PCR tests made by certain manufacturers. Other places accept rapid/antigen tests. And then others need something else…</p><p style=\"box-sizing: inherit; margin-bottom: 26px; color: rgb(115, 115, 111); font-family: lato, sans-serif; font-size: 16px;\">Hawaii requires a NAAT or Nucleic Acid Amplification Test — which I learned is also an rt-PCR test, HOWEVER, Hawaii is only accepting tests from specific providers. Essentially this means I couldn’t get a test done for Hawaii at the same place I went to for the approved French Polynesia one.</p>', '2021-03-03 22:52:22', 5, 1, NULL, NULL),
(5, 'A Local’s Guide to Osaka, Japan', 'japan.jpg', '<p style=\"box-sizing: inherit; margin-bottom: 26px; color: rgb(115, 115, 111); font-family: lato, sans-serif; font-size: 16px; text-align: center;\"><span style=\"box-sizing: inherit; font-weight: 700;\">Hello there! My name is Hana and I am an English teacher and&nbsp;<a href=\"https://hanastraveljournal.com/\" target=\"_blank\" rel=\"noopener\" style=\"box-sizing: inherit; color: rgb(187, 135, 118); font-weight: 400; transition: all 0.1s ease-in-out 0s;\">travel blogger based in Osaka</a>&nbsp;where I have been living for over a year now.</span></p><p style=\"box-sizing: inherit; margin-bottom: 26px; color: rgb(115, 115, 111); font-family: lato, sans-serif; font-size: 16px;\">I haven’t met a person who wouldn’t be interested in visiting&nbsp;<a href=\"https://theblondeabroad.com/ultimate-japan-travel-guide/\" style=\"box-sizing: inherit; color: rgb(187, 135, 118); transition: all 0.1s ease-in-out 0s;\">Japan</a>, yet many travelers tend to skip Osaka or they stay here just for a very short period of time.</p><p style=\"box-sizing: inherit; margin-bottom: 26px; color: rgb(115, 115, 111); font-family: lato, sans-serif; font-size: 16px;\">Today, I want to share with you my guide to this city, to show you all the amazing places that I love and spark a little bit of wanderlust in you. Hopefully, it will make you want to visit Osaka on your next Japan trip!</p><h4 style=\"box-sizing: inherit; color: rgb(115, 115, 111); font-family: jules_biglight, sans-serif; margin-top: 0px; margin-bottom: 16px; font-size: 2rem; letter-spacing: 0.2px; text-align: center;\">Here’s my local’s guide to visiting Osaka, Japan!</h4><h2 style=\"box-sizing: inherit; color: rgb(115, 115, 111); font-family: saturday_scriptregular; margin-top: 0px; margin-bottom: 20px; line-height: 60px; text-align: center; font-size: 40px !important;\">About Osaka</h2><p style=\"box-sizing: inherit; margin-bottom: 26px; color: rgb(115, 115, 111); font-family: lato, sans-serif; font-size: 16px;\">Bayside city Osaka is the third-largest city in Japan and an important cultural, historical, and economic hub. Being known, as the&nbsp;<em style=\"box-sizing: inherit;\">City of Merchants</em>&nbsp;and&nbsp;<em style=\"box-sizing: inherit;\">Japan’s Kitchen</em>, Osaka is proud of her long history.</p><p style=\"box-sizing: inherit; margin-bottom: 26px; color: rgb(115, 115, 111); font-family: lato, sans-serif; font-size: 16px;\">This area has been settled for millennia and the convenient central location became the foundation of early Japanese civilization. Back in the days, when Tokyo was an unimportant backwater known as Edo, Osaka was already culturally thriving.</p><p style=\"box-sizing: inherit; margin-bottom: 26px; color: rgb(115, 115, 111); font-family: lato, sans-serif; font-size: 16px;\">Unfortunately, during WWII, Osaka suffered and was heavily marked by bombings that almost completely destroyed the city. Despite these tragic events, she raised from the ashes and was rebuilt quite rapidly. Because the rebuild was rapid and the focus was solely on function, I’ll be honest— Osaka is not the most beautiful city at first glance.</p><p style=\"box-sizing: inherit; margin-bottom: 26px; color: rgb(115, 115, 111); font-family: lato, sans-serif; font-size: 16px; text-align: center;\"><span style=\"box-sizing: inherit; font-weight: 700;\">It is a concrete jungle that lacks picturesque architecture or Zen gardens, but there many other cool places to see and things to do, you just need to give a chance.</span></p><h2 style=\"box-sizing: inherit; color: rgb(115, 115, 111); font-family: saturday_scriptregular; margin-top: 0px; margin-bottom: 20px; line-height: 60px; text-align: center; font-size: 40px !important;\">The Best&nbsp; Time to Visit</h2><p style=\"box-sizing: inherit; margin-bottom: 26px; color: rgb(115, 115, 111); font-family: lato, sans-serif; font-size: 16px;\">My favorite seasons in Osaka are spring and autumn, however, you will also experience a higher volume of tourists during this time. The cherry blossom season in Osaka starts at the end of March, with the flowers being in full bloom the first week of April.</p><p style=\"box-sizing: inherit; margin-bottom: 26px; color: rgb(115, 115, 111); font-family: lato, sans-serif; font-size: 16px; text-align: center;\"><span style=\"box-sizing: inherit; font-weight: 700;\">Autumn here starts later than in the rest of the world and if you want to see really beautiful autumn foliage, plan your trip at the end of November and beginning of December.</span></p><p style=\"box-sizing: inherit; margin-bottom: 26px; color: rgb(115, 115, 111); font-family: lato, sans-serif; font-size: 16px;\">I personally like September and May with pleasantly warm temperatures and low rainfall. June and July are the wettest months and August is the hottest and the most humid (honestly I would try to avoid coming in July and August).</p><p style=\"box-sizing: inherit; margin-bottom: 26px; color: rgb(115, 115, 111); font-family: lato, sans-serif; font-size: 16px; text-align: center;\"><span style=\"box-sizing: inherit; font-weight: 700;\"></span></p><p style=\"box-sizing: inherit; margin-bottom: 26px; color: rgb(115, 115, 111); font-family: lato, sans-serif; font-size: 16px;\">Winters have the lowest amounts of tourists so it is also a season to consider. January and February are the coldest months, yet the temperature doesn’t go below 0 degrees Celsius.</p><div><h2 style=\"box-sizing: inherit; color: rgb(115, 115, 111); font-family: saturday_scriptregular; margin-top: 0px; margin-bottom: 20px; line-height: 60px; text-align: center; font-size: 40px !important;\">Getting Around Osaka</h2><h3 style=\"box-sizing: inherit; color: rgb(115, 115, 111); font-family: jules_biglight, sans-serif; margin-top: 0px; margin-bottom: 16px; font-size: 2.2rem;\">Metro and Trains</h3><p style=\"box-sizing: inherit; margin-bottom: 26px; color: rgb(115, 115, 111); font-family: lato, sans-serif; font-size: 16px;\">The public transportation system in Osaka can be overwhelming at first, but if you follow the signs at the stations, it is not so difficult to navigate. The most convenient way to get around the city is by train or metro.</p><p style=\"box-sizing: inherit; margin-bottom: 26px; color: rgb(115, 115, 111); font-family: lato, sans-serif; font-size: 16px;\">There are seven different train lines operating around Osaka and nearby cities, plus eight metro lines. The most useful train for visitors is JR Osaka Loop Line that, as you can guess, goes around Osaka and also takes you to the Kansai airport.</p><p style=\"box-sizing: inherit; margin-bottom: 26px; color: rgb(115, 115, 111); font-family: lato, sans-serif; font-size: 16px; text-align: center;\"><span style=\"box-sizing: inherit; font-weight: 700;\">The metro lines are distinguished by different colors and they have commentary in English so you always know your stop.</span></p><h3 style=\"box-sizing: inherit; color: rgb(115, 115, 111); font-family: jules_biglight, sans-serif; margin-top: 0px; margin-bottom: 16px; font-size: 2.2rem;\">Taxis</h3><p style=\"box-sizing: inherit; margin-bottom: 26px; color: rgb(115, 115, 111); font-family: lato, sans-serif; font-size: 16px;\">Taxis in Osaka are quite expensive and a ride from the airport to the city can come to a couple of hundred US dollars, so if you are traveling on a budget, I would try to avoid them. Unfortunately, Uber nor Lyft operate in Japan.</p><h3 style=\"box-sizing: inherit; color: rgb(115, 115, 111); font-family: jules_biglight, sans-serif; margin-top: 0px; margin-bottom: 16px; font-size: 2.2rem;\">Bikes</h3><p style=\"box-sizing: inherit; margin-bottom: 26px; color: rgb(115, 115, 111); font-family: lato, sans-serif; font-size: 16px; text-align: center;\"><span style=\"box-sizing: inherit; font-weight: 700;\">Bikes are a very popular means of transport in Osaka. If you want to explore the city like a local, I would really recommend hiring one for a day or joining a cycling tour.</span></p><p style=\"box-sizing: inherit; margin-bottom: 26px; color: rgb(115, 115, 111); font-family: lato, sans-serif; font-size: 16px;\">There are several bike hire companies where you can get your ride but usually, you have to book in advance.</p><p style=\"box-sizing: inherit; margin-bottom: 26px; color: rgb(115, 115, 111); font-family: lato, sans-serif; font-size: 16px;\">If you are feeling spontaneous, try&nbsp;<a href=\"https://umegle-chari.jp/\" target=\"_blank\" rel=\"noopener noreferrer\" style=\"box-sizing: inherit; color: rgb(187, 135, 118); transition: all 0.1s ease-in-out 0s;\">Umegle-Chari</a>, an Osakan take on the Citi Bike. Their main station is located in between Osaka Station and Grand Front Osaka, all instructions are in English and one hour for an electric bike costs around 200 yen (about 2USD).</p></div>', '2021-03-04 20:42:08', 5, 1, NULL, NULL),
(6, 'A Local’s Guide to Shanghai, China', 'china.jpg', '<p style=\"box-sizing: inherit; margin-bottom: 26px; color: rgb(115, 115, 111); font-family: lato, sans-serif; font-size: 16px;\">Hi there! I’m Arianna, a seasoned ex-pat and travel photographer who spent 2 years living and teaching English in Shanghai,&nbsp;<a href=\"https://theblondeabroad.com/ultimate-china-travel-guide/\" style=\"box-sizing: inherit; color: rgb(187, 135, 118); transition: all 0.1s ease-in-out 0s;\">China</a>.</p><p style=\"box-sizing: inherit; margin-bottom: 26px; color: rgb(115, 115, 111); font-family: lato, sans-serif; font-size: 16px;\">Like most Americans in China, I spent my time searching for the hottest spots to hang, the best Chinese food in the world, and the coolest coffee shops that aren’t Starbucks. A huge, international city like Shanghai can be overwhelming for newcomers.</p><p style=\"box-sizing: inherit; margin-bottom: 26px; color: rgb(115, 115, 111); font-family: lato, sans-serif; font-size: 16px; text-align: center;\"><span style=\"box-sizing: inherit; font-weight: 700;\">So, leave it to a local to guide you through the best this city has to offer.</span></p><h4 style=\"box-sizing: inherit; color: rgb(115, 115, 111); font-family: jules_biglight, sans-serif; margin-top: 0px; margin-bottom: 16px; font-size: 2rem; letter-spacing: 0.2px; text-align: center;\">Here’s my local’s guide to visiting Shanghai!</h4><h2 style=\"box-sizing: inherit; color: rgb(115, 115, 111); font-family: saturday_scriptregular; margin-top: 0px; margin-bottom: 20px; line-height: 60px; text-align: center; font-size: 40px !important;\">The Best&nbsp; Time to Visit</h2><p style=\"box-sizing: inherit; margin-bottom: 26px; color: rgb(115, 115, 111); font-family: lato, sans-serif; font-size: 16px;\">The best weather in southeast China is during the springtime; it is the sweet spot between when the rainy season is letting up and right before it gets too hot to be outside.</p><p style=\"box-sizing: inherit; margin-bottom: 26px; color: rgb(115, 115, 111); font-family: lato, sans-serif; font-size: 16px;\">However, avoid going during the month of May at ALL costs. The first weekend in May is China’s Labor Day, and the entire country has it off. March and April are ideal, but it is the beginning of peak season and prices are high.</p><p style=\"box-sizing: inherit; margin-bottom: 26px; color: rgb(115, 115, 111); font-family: lato, sans-serif; font-size: 16px;\">If you are booking on a budget, opt for September/October. If you are lucky, you’ll be able to squeeze in your trip before the monsoon season and save a little money.</p><h2 style=\"box-sizing: inherit; color: rgb(115, 115, 111); font-family: saturday_scriptregular; margin-top: 0px; margin-bottom: 20px; line-height: 60px; text-align: center; font-size: 40px !important;\">Getting Around</h2><p style=\"box-sizing: inherit; margin-bottom: 26px; color: rgb(115, 115, 111); font-family: lato, sans-serif; font-size: 16px; text-align: center;\"><span style=\"box-sizing: inherit; font-weight: 700;\">Shanghai’s metro system is extensive and cheap at about ¥3-¥6 (40¢-90¢). It’s ideal for traveling moderate to long distances at a reasonable pace.</span></p><p style=\"box-sizing: inherit; margin-bottom: 26px; color: rgb(115, 115, 111); font-family: lato, sans-serif; font-size: 16px;\">If you’re in a hurry, you’d be better off taking a DiDi, given that it’s not rush hour. DiDi is China’s version of Uber, and widely used by foreigners because the app is English-friendly.</p><h2 style=\"box-sizing: inherit; color: rgb(115, 115, 111); font-family: saturday_scriptregular; margin-top: 0px; margin-bottom: 20px; line-height: 60px; text-align: center; font-size: 40px !important;\">Where to Stay</h2><h3 style=\"box-sizing: inherit; color: rgb(115, 115, 111); font-family: jules_biglight, sans-serif; margin-top: 0px; margin-bottom: 16px; font-size: 2.2rem;\">Luxury: InterContinential Shanghai Wonderland</h3><p style=\"box-sizing: inherit; margin-bottom: 26px; color: rgb(115, 115, 111); font-family: lato, sans-serif; font-size: 16px;\">This world-class hotel is a hidden gem; meaning it is literally hidden underground. The&nbsp;<a href=\"https://www.booking.com/hotel/cn/intercontinental-hotels-shanghai-wonderland.en.html?aid=1853948&amp;no_rooms=1&amp;group_adults=2\" target=\"_blank\" rel=\"noopener\" style=\"box-sizing: inherit; color: rgb(187, 135, 118); transition: all 0.1s ease-in-out 0s;\">InterContinental Shanghai Wonderland</a>&nbsp;is a stunningly unique work of architecture, built into the side of a quarry 288 feet below the surface of the earth.</p><p style=\"box-sizing: inherit; margin-bottom: 26px; color: rgb(115, 115, 111); font-family: lato, sans-serif; font-size: 16px;\">Standard rooms start at $350 with stunning views of the quarry and cascading waterfalls; the deluxe suite can range upwards of $2,400. A small price to pay for essentially a penthouse with a built-in floor to ceiling aquarium.</p><h3 style=\"box-sizing: inherit; color: rgb(115, 115, 111); font-family: jules_biglight, sans-serif; margin-top: 0px; margin-bottom: 16px; font-size: 2.2rem;\">Mid-Range: Pullman Shanghai Jingan</h3><p style=\"box-sizing: inherit; margin-bottom: 26px; color: rgb(115, 115, 111); font-family: lato, sans-serif; font-size: 16px;\">At under 100 USD per night, the&nbsp;<a href=\"https://www.booking.com/hotel/cn/grand-mercure-shanghai-zhongya.en.html?aid=1853948&amp;no_rooms=1&amp;group_adults=2\" target=\"_blank\" rel=\"noopener\" style=\"box-sizing: inherit; color: rgb(187, 135, 118); transition: all 0.1s ease-in-out 0s;\">Pullman Shanghai Jingan</a>&nbsp;is one of the top choices for mid-range travelers.</p><p style=\"box-sizing: inherit; margin-bottom: 26px; color: rgb(115, 115, 111); font-family: lato, sans-serif; font-size: 16px;\">A mere 2-minute walk from Shanghai Railway Station and a few miles away from People’s Square and the Bund make this a perfect home base. Guests can also enjoy the 2 restaurants, bar, fitness center, and pool.</p><h3 style=\"box-sizing: inherit; color: rgb(115, 115, 111); font-family: jules_biglight, sans-serif; margin-top: 0px; margin-bottom: 16px; font-size: 2.2rem;\">Budget: Mingtown Shanghai Etour International Youth Hostel</h3><p style=\"box-sizing: inherit; margin-bottom: 26px; color: rgb(115, 115, 111); font-family: lato, sans-serif; font-size: 16px;\">In the heart of downtown, just 8 minutes from East Nanjing road, is a tiny, stone grey hostel tucked away from the bustling streets in a side alley. Although it doesn’t sound or look like much on the outside, the inside is Instagram-worthy. This is the&nbsp;<a href=\"https://www.booking.com/hotel/cn/xin-yi-tu-shang-hai.en.html?aid=1853948&amp;no_rooms=1&amp;group_adults=2\" target=\"_blank\" rel=\"noopener\" style=\"box-sizing: inherit; color: rgb(187, 135, 118); transition: all 0.1s ease-in-out 0s;\">Mingtown Shanghai Etour International Youth Hostel.</a></p><p style=\"box-sizing: inherit; margin-bottom: 26px; color: rgb(115, 115, 111); font-family: lato, sans-serif; font-size: 16px;\">Central outdoor Koi pond, 24/7 bar with beer, iced lattes, and everything in between, and a rooftop garden to sit and enjoy your drink with a view. For less than $10 a night, that’s what a budget backpacker would call a steal.</p><div><br></div>', '2021-03-04 20:42:08', 5, 1, NULL, NULL);
INSERT INTO `posts` (`id`, `title`, `img`, `text`, `date`, `idUser`, `approved`, `created_at`, `updated_at`) VALUES
(7, 'The Best Time to Travel to Uganda', 'uganda.jpg', '<p style=\"box-sizing: inherit; margin-bottom: 26px; color: rgb(115, 115, 111); font-family: lato, sans-serif; font-size: 16px;\">Uganda is one of the most truly unique travel destinations in the world. Where else can you&nbsp;<a href=\"https://www.theblondeabroad.com/ultimate-guide-to-gorilla-trekking-in-uganda/\" style=\"box-sizing: inherit; color: rgb(187, 135, 118); transition: all 0.1s ease-in-out 0s;\">go on a gorilla trek</a>&nbsp;and see the magnificent creatures in their natural habitat? Very few places!</p><p style=\"box-sizing: inherit; margin-bottom: 26px; color: rgb(115, 115, 111); font-family: lato, sans-serif; font-size: 16px;\">I recently went on a&nbsp;<a href=\"https://www.theblondeabroad.com/20-photos-to-inspire-you-to-visit-uganda/\" style=\"box-sizing: inherit; color: rgb(187, 135, 118); transition: all 0.1s ease-in-out 0s;\">gorilla trek in Uganda</a>&nbsp;and it was absolutely unforgettable. If you’ve added this experience to your bucket list, you might be wondering just when the right time to visit is.</p><p style=\"box-sizing: inherit; margin-bottom: 26px; color: rgb(115, 115, 111); font-family: lato, sans-serif; font-size: 16px;\"><a href=\"https://www.theblondeabroad.com/ultimate-uganda-travel-guide/\" style=\"box-sizing: inherit; color: rgb(187, 135, 118); transition: all 0.1s ease-in-out 0s;\">Uganda</a>&nbsp;is a destination that you can truly visit throughout the year due to its climate very rarely changing. However, the country does have wet and dry seasons which can make or break your trek.</p><h4 style=\"box-sizing: inherit; color: rgb(115, 115, 111); font-family: jules_biglight, sans-serif; margin-top: 0px; margin-bottom: 16px; font-size: 2rem; letter-spacing: 0.2px; text-align: center;\">Here is my guide to the best time to travel to Uganda!</h4><h2 style=\"box-sizing: inherit; color: rgb(115, 115, 111); font-family: saturday_scriptregular; margin-top: 0px; margin-bottom: 20px; line-height: 60px; text-align: center; font-size: 40px !important;\">December to February</h2><p style=\"box-sizing: inherit; margin-bottom: 26px; color: rgb(115, 115, 111); font-family: lato, sans-serif; font-size: 16px; text-align: center;\"><span style=\"box-sizing: inherit; font-weight: 700;\">While you may see some rainfall in December, it won’t be enough to rain on your parade.</span></p><p style=\"box-sizing: inherit; margin-bottom: 26px; color: rgb(115, 115, 111); font-family: lato, sans-serif; font-size: 16px;\">December through February is considered to be one of the best times to visit Uganda. The dry season has begun (so much so that locals even call January “Januworry”) meaning the roads are passable and the skies are clear, making for beautiful photos.</p><h4 style=\"box-sizing: inherit; color: rgb(115, 115, 111); font-family: jules_biglight, sans-serif; margin-top: 0px; margin-bottom: 16px; font-size: 2rem; letter-spacing: 0.2px; text-align: center;\">If you’re looking to see some wildlife, this is the ideal time. The gorillas are out and about and the birds are soaring.</h4><p style=\"box-sizing: inherit; margin-bottom: 26px; color: rgb(115, 115, 111); font-family: lato, sans-serif; font-size: 16px;\">If your itinerary allows it, visit Kampala in February for the Pearl of Africa Tourism Expo where you’ll see a true showcase of what Uganda has to offer. The three-day expo touches on everything from wildlife to tourism (both adventure and culture).</p><p style=\"box-sizing: inherit; margin-bottom: 26px; color: rgb(115, 115, 111); font-family: lato, sans-serif; font-size: 16px; text-align: center;\"><span style=\"box-sizing: inherit; font-weight: 700;\">You’ll be able to experience local cuisine, quad bikes, horseback riding, and more.</span></p><h2 style=\"box-sizing: inherit; color: rgb(115, 115, 111); font-family: saturday_scriptregular; margin-top: 0px; margin-bottom: 20px; line-height: 60px; text-align: center; font-size: 40px !important;\">March to May</h2><p style=\"box-sizing: inherit; margin-bottom: 26px; color: rgb(115, 115, 111); font-family: lato, sans-serif; font-size: 16px; text-align: center;\"><span style=\"box-sizing: inherit; font-weight: 700;\">March to May is considered to be one of Uganda’s wettest seasons. Because of this, the low season also begins which means prices lower as well.</span></p><p style=\"box-sizing: inherit; margin-bottom: 26px; color: rgb(115, 115, 111); font-family: lato, sans-serif; font-size: 16px;\">If you don’t mind a little rain, a visit during the spring months means you’ll be met with lush green parks and the chance to see infant gorillas along with migratory birds.</p><p style=\"box-sizing: inherit; margin-bottom: 26px; color: rgb(115, 115, 111); font-family: lato, sans-serif; font-size: 16px;\">If you don’t mind getting muddy, go quad biking along the banks of the Nile. Or test out your athletic abilities in the annual Kyaninga Triathalon in the Rwenzori mountains.</p><p style=\"box-sizing: inherit; margin-bottom: 26px; color: rgb(115, 115, 111); font-family: lato, sans-serif; font-size: 16px; text-align: center;\"><span style=\"box-sizing: inherit; font-weight: 700;\"></span></p><h4 style=\"box-sizing: inherit; color: rgb(115, 115, 111); font-family: jules_biglight, sans-serif; margin-top: 0px; margin-bottom: 16px; font-size: 2rem; letter-spacing: 0.2px; text-align: center;\">Regardless of what you choose to do, don’t forget to pack umbrellas and great hiking boots (that you don’t mind getting dirty).</h4><h2 style=\"box-sizing: inherit; color: rgb(115, 115, 111); font-family: saturday_scriptregular; margin-top: 0px; margin-bottom: 20px; line-height: 60px; text-align: center; font-size: 40px !important;\">June to August</h2><p style=\"box-sizing: inherit; margin-bottom: 26px; color: rgb(115, 115, 111); font-family: lato, sans-serif; font-size: 16px;\">Come June, the rain clouds clear and the sun reappears once again. Animals roam freely, making them extremely easy to spot yet again. With that comes another surge in tourism making lodging and permit prices rise.</p><p style=\"box-sizing: inherit; margin-bottom: 26px; color: rgb(115, 115, 111); font-family: lato, sans-serif; font-size: 16px; text-align: center;\"><span style=\"box-sizing: inherit; font-weight: 700;\">All reservations should be made far in advance to ensure you snag a permit along with a reasonable rate for accommodation.</span></p><p style=\"box-sizing: inherit; margin-bottom: 26px; color: rgb(115, 115, 111); font-family: lato, sans-serif; font-size: 16px;\">If you’re looking to see more of Uganda outside of gorilla trekking, June through August is packed full of events. From Uganda Martyrs Day on June 3rd to National Heros Day on June 9th to the Bayimba Festival of the Arts at the beginning of August.</p><p style=\"box-sizing: inherit; margin-bottom: 26px; color: rgb(115, 115, 111); font-family: lato, sans-serif; font-size: 16px;\">There’s never a dull moment in these months and it’s a wonderful time to visit if you’re looking to experience an authentic African experience.</p><h2 style=\"box-sizing: inherit; color: rgb(115, 115, 111); font-family: saturday_scriptregular; margin-top: 0px; margin-bottom: 20px; line-height: 60px; text-align: center; font-size: 40px !important;\">September to November</h2><p style=\"box-sizing: inherit; margin-bottom: 26px; color: rgb(115, 115, 111); font-family: lato, sans-serif; font-size: 16px;\">As the months continue on and it gets later into the year, the rain begins to pick up once again. However, there are still excellent opportunities to experience Uganda’s wildlife.</p><p style=\"box-sizing: inherit; margin-bottom: 26px; color: rgb(115, 115, 111); font-family: lato, sans-serif; font-size: 16px; text-align: center;\"><span style=\"box-sizing: inherit; font-weight: 700;\">This is another chance to save a little money if you’re wanting to visit on a budget.</span></p><p style=\"box-sizing: inherit; margin-bottom: 26px; color: rgb(115, 115, 111); font-family: lato, sans-serif; font-size: 16px;\">These months are also jam-packed with events. In September, experience Uganda’s Coachella known as MTN Nyege Nyege. It always rains and gives people from all over the world the chance to dance in the rain to music from over 200 artists.</p><p style=\"box-sizing: inherit; margin-bottom: 26px; color: rgb(115, 115, 111); font-family: lato, sans-serif; font-size: 16px;\">In October, the Kampala City Festival takes place. The 3-day festival celebrates culture and unity with performances, a street market, and food stalls. And in November, the Milege World Music Festival is another 3-day event showcasing art from all over the world!</p>', '2021-03-04 20:42:08', 5, 1, NULL, NULL),
(8, 'The Coolest Airbnbs in Austin, Texas', 'texsas.jpg', '<p class=\"p1\" style=\"box-sizing: inherit; margin-bottom: 26px; color: rgb(115, 115, 111); font-family: lato, sans-serif; font-size: 16px; text-align: center;\"><em style=\"box-sizing: inherit;\">As an Airbnb Associate, I’m excited to curate incredible properties around the world. At no extra cost to you, I earn a small commission when you book through these links which helps me run this blog.</em></p><p style=\"box-sizing: inherit; margin-bottom: 26px; color: rgb(115, 115, 111); font-family: lato, sans-serif; font-size: 16px;\">Ready to explore the hippest city in Texas? Proud to be one of the weirdest towns in the US of A, this southern hotspot has anything and everything you could possibly imagine.</p><p style=\"box-sizing: inherit; margin-bottom: 26px; color: rgb(115, 115, 111); font-family: lato, sans-serif; font-size: 16px;\">Whether you are here to experience the Live Music Capital of the World or indulge in some down-home Texas fun, you’ll be spoilt for choice when it comes to accommodation options here.</p><h4 style=\"box-sizing: inherit; color: rgb(115, 115, 111); font-family: jules_biglight, sans-serif; margin-top: 0px; margin-bottom: 16px; font-size: 2rem; letter-spacing: 0.2px; text-align: center;\">When you are ready to hang your hat in&nbsp;<a href=\"https://www.theblondeabroad.com/ultimate-austin-travel-guide/\" style=\"box-sizing: inherit; color: rgb(187, 135, 118); transition: all 0.1s ease-in-out 0s;\">Austin</a>, here are a few of the coolest Airbnbs that you definitely won’t want to miss!</h4><h2 style=\"box-sizing: inherit; color: rgb(115, 115, 111); font-family: saturday_scriptregular; margin-top: 0px; margin-bottom: 20px; line-height: 60px; text-align: center; font-size: 40px !important;\"><a href=\"https://www.airbnb.com/associates/329352?s=67&amp;c=.pi115.pk0_9&amp;a4ptk=6223_0_9_329352&amp;af=115\" style=\"box-sizing: inherit; color: rgb(187, 135, 118); transition: all 0.1s ease-in-out 0s;\">Old Hollywood Meets Old West Governor’s Mansion</a></h2><p style=\"box-sizing: inherit; margin-bottom: 26px; color: rgb(115, 115, 111); font-family: lato, sans-serif; font-size: 16px;\">With ample room for up to 10 guests, this one-time governors’ mansion is now yours to share. Located just outside of downtown Austin, you can host your own stately pool party or just sip cocktails and rub elbows.</p><h2 style=\"box-sizing: inherit; color: rgb(115, 115, 111); font-family: saturday_scriptregular; margin-top: 0px; margin-bottom: 20px; line-height: 60px; text-align: center; font-size: 40px !important;\"><a href=\"https://www.airbnb.com/associates/329357?s=67&amp;c=.pi115.pk0_9&amp;a4ptk=6223_0_9_329357&amp;af=115\" target=\"_blank\" rel=\"noopener\" style=\"box-sizing: inherit; color: rgb(187, 135, 118); transition: all 0.1s ease-in-out 0s;\">Cliffside Downtown Penthouse</a></h2><p style=\"box-sizing: inherit; margin-bottom: 26px; color: rgb(115, 115, 111); font-family: lato, sans-serif; font-size: 16px;\">This Costa Rican-inspired four bedroom has a dream view of Zilker Park from the wraparound deck. It’s a prime base for hiking trips or just lounging in a lawn chair and admiring the view.</p><h2 style=\"box-sizing: inherit; color: rgb(115, 115, 111); font-family: saturday_scriptregular; margin-top: 0px; margin-bottom: 20px; line-height: 60px; text-align: center; font-size: 40px !important;\"><a href=\"https://www.airbnb.com/associates/329356?s=67&amp;c=.pi115.pk0_9&amp;a4ptk=6223_0_9_329356&amp;af=115\" target=\"_blank\" rel=\"noopener\" style=\"box-sizing: inherit; color: rgb(187, 135, 118); transition: all 0.1s ease-in-out 0s;\">Beautiful Hilltop Retreat</a></h2><p style=\"box-sizing: inherit; margin-bottom: 26px; color: rgb(115, 115, 111); font-family: lato, sans-serif; font-size: 16px;\">Hello, infinity pool! With space for up to 16 guests, this well-appointed property is perfect for entertaining. Throw a dinner party, have a b-day bash to remember, or just get in some quality time with the whole family,</p><h2 style=\"box-sizing: inherit; color: rgb(115, 115, 111); font-family: saturday_scriptregular; margin-top: 0px; margin-bottom: 20px; line-height: 60px; text-align: center; font-size: 40px !important;\"><a href=\"https://www.airbnb.com/associates/329358?s=67&amp;c=.pi115.pk0_9&amp;a4ptk=6223_0_9_329358&amp;af=115\" target=\"_blank\" rel=\"noopener\" style=\"box-sizing: inherit; color: rgb(187, 135, 118); transition: all 0.1s ease-in-out 0s;\">Tulum-Inspired Luxury Home</a></h2><p style=\"box-sizing: inherit; margin-bottom: 26px; color: rgb(115, 115, 111); font-family: lato, sans-serif; font-size: 16px;\">This four-bedroom is in the center of the action. Look out at the impressive downtown view from the rooftop patio, splash around in the 35-foot pool, or whip up a masterpiece in the impressive kitchen.</p><p style=\"box-sizing: inherit; margin-bottom: 26px; color: rgb(115, 115, 111); font-family: lato, sans-serif; font-size: 16px;\"><br></p><h2 style=\"box-sizing: inherit; color: rgb(115, 115, 111); font-family: saturday_scriptregular; margin-top: 0px; margin-bottom: 20px; line-height: 60px; text-align: center; font-size: 40px !important;\"><a href=\"https://www.airbnb.com/associates/329359?s=67&amp;c=.pi115.pk0_9&amp;a4ptk=6223_0_9_329359&amp;af=115\" target=\"_blank\" rel=\"noopener\" style=\"box-sizing: inherit; color: rgb(187, 135, 118); transition: all 0.1s ease-in-out 0s;\">Historic Austin Villa with Courtyard Pool</a></h2><p style=\"box-sizing: inherit; margin-bottom: 26px; color: rgb(115, 115, 111); font-family: lato, sans-serif; font-size: 16px;\">With room for 16, this impressive villa has a gorgeous interior design that will leave your jaw dropped at every turn. Plan plenty of time to take some selfies with the one-of-a-kind decor then cozy up in front of the fireplace.</p><div><h2 style=\"box-sizing: inherit; color: rgb(115, 115, 111); font-family: saturday_scriptregular; margin-top: 0px; margin-bottom: 20px; line-height: 60px; text-align: center; font-size: 40px !important;\"><a href=\"https://www.airbnb.com/associates/329361?s=67&amp;c=.pi115.pk0_9&amp;a4ptk=6223_0_9_329361&amp;af=115\" target=\"_blank\" rel=\"noopener\" style=\"box-sizing: inherit; color: rgb(187, 135, 118); transition: all 0.1s ease-in-out 0s;\">Bold and Bright Tiny House</a></h2><p style=\"box-sizing: inherit; margin-bottom: 26px; color: rgb(115, 115, 111); font-family: lato, sans-serif; font-size: 16px;\">This isn’t your typical minimalist tiny house. This spacious hippie-inspired one-bedroom was made for long, lazy afternoons on the porch sipping lemonade.</p><h2 style=\"box-sizing: inherit; color: rgb(115, 115, 111); font-family: saturday_scriptregular; margin-top: 0px; margin-bottom: 20px; line-height: 60px; text-align: center; font-size: 40px !important;\"><a href=\"https://www.airbnb.com/associates/329363?s=67&amp;c=.pi115.pk0_9&amp;a4ptk=6223_0_9_329363&amp;af=115\" target=\"_blank\" rel=\"noopener\" style=\"box-sizing: inherit; color: rgb(187, 135, 118); transition: all 0.1s ease-in-out 0s;\">The Famous Nesting Cabin</a></h2><p style=\"box-sizing: inherit; margin-bottom: 26px; color: rgb(115, 115, 111); font-family: lato, sans-serif; font-size: 16px;\">Featured in Southern Living, this one-room cabin has all of the whimsy of a treehouse but with the comfort of a bungalow.</p></div>', '2021-03-04 20:42:08', 5, 1, NULL, NULL),
(9, 'What to Wear in Santorini, Greece', 'santorini.jpg', '<p style=\"box-sizing: inherit; margin-bottom: 26px; color: rgb(115, 115, 111); font-family: lato, sans-serif; font-size: 16px;\">Santorini is one of the most beautiful places to visit. To be perfectly honest, you can’t really go wrong with any of the&nbsp;<a href=\"https://www.theblondeabroad.com/guide-to-best-greek-islands/\" style=\"box-sizing: inherit; color: rgb(187, 135, 118); transition: all 0.1s ease-in-out 0s;\">Greek Islands</a>, however, Santorini is a place made for the romantics and is a wonderful honeymoon destination or couple’s getaway.</p><p style=\"box-sizing: inherit; margin-bottom: 26px; color: rgb(115, 115, 111); font-family: lato, sans-serif; font-size: 16px; text-align: center;\"><span style=\"box-sizing: inherit; font-weight: 700;\">The crisp white buildings and blue domes on the hills with panoramic views of the ocean are a photographer’s dream…so you can imagine that I wanted outfits to match the scenery!</span></p><p style=\"box-sizing: inherit; margin-bottom: 26px; color: rgb(115, 115, 111); font-family: lato, sans-serif; font-size: 16px;\">While most of the days on Santorini can be spent wandering around the&nbsp;<a href=\"https://www.theblondeabroad.com/ultimate-oia-santorini-travel-guide/\" style=\"box-sizing: inherit; color: rgb(187, 135, 118); transition: all 0.1s ease-in-out 0s;\">small town of Oia</a>&nbsp;— popping into restaurants and exploring nooks and crannies — you should also mix in a bit of adventure with a&nbsp;<a href=\"https://www.theblondeabroad.com/ultimate-self-guided-atv-adventure-around-santorini/\" style=\"box-sizing: inherit; color: rgb(187, 135, 118); transition: all 0.1s ease-in-out 0s;\">self-guided ATV ride</a>&nbsp;while you’re there!</p><p style=\"box-sizing: inherit; margin-bottom: 26px; color: rgb(115, 115, 111); font-family: lato, sans-serif; font-size: 16px;\">When Meyer and I went to Santorini it was in July and incredibly warm, so a good portion of our time was spent relaxing by the pool. The summer is quite crowded as that is peak season, but if you’re prepared for that and book things ahead of time, you should be perfectly fine.</p><p style=\"box-sizing: inherit; margin-bottom: 26px; color: rgb(115, 115, 111); font-family: lato, sans-serif; font-size: 16px;\">Obviously, the weather will play a factor in what you’re packing — but if you’re going to Santorini from late spring to early fall, you should be fine with mainly “beachy” attire. Think sundresses, several bikinis, shorts and cute tops, along with hats and sandals.</p><h4 style=\"box-sizing: inherit; color: rgb(115, 115, 111); font-family: jules_biglight, sans-serif; margin-top: 0px; margin-bottom: 16px; font-size: 2rem; letter-spacing: 0.2px; text-align: center;\">Here’s my Santorini,&nbsp;<a href=\"https://www.theblondeabroad.com/ultimate-greece-travel-guide/\" style=\"box-sizing: inherit; color: rgb(187, 135, 118); transition: all 0.1s ease-in-out 0s;\">Greece</a>&nbsp;outfit inspiration!</h4><h2 style=\"box-sizing: inherit; color: rgb(115, 115, 111); font-family: saturday_scriptregular; margin-top: 0px; margin-bottom: 20px; line-height: 60px; text-align: center; font-size: 40px !important;\">Sundresses + Mix and Match Outfits</h2><p style=\"box-sizing: inherit; margin-bottom: 26px; color: rgb(115, 115, 111); font-family: lato, sans-serif; font-size: 16px;\">Sundresses are a staple for me when traveling around Greece! From short flouncy ones to long ones, I love how effortless they are and that you can pair them with sandals, or, if you’re going out for dinner you could dress them up a bit.</p><p style=\"box-sizing: inherit; margin-bottom: 26px; color: rgb(115, 115, 111); font-family: lato, sans-serif; font-size: 16px; text-align: center;\">Bringing along a few pieces that you can mix and match or dress up — especially for romantic dinners — is super helpful!</p><h2 style=\"box-sizing: inherit; color: rgb(115, 115, 111); font-family: saturday_scriptregular; margin-top: 0px; margin-bottom: 20px; line-height: 60px; text-align: center; font-size: 40px !important;\">Shorts + Tops</h2><p style=\"box-sizing: inherit; margin-bottom: 26px; color: rgb(115, 115, 111); font-family: lato, sans-serif; font-size: 16px;\">A number of days involved us hanging out by the pool or adventuring around the island. Casual shorts and tops that you can throw on while still looking cute are a definite must!</p><p style=\"box-sizing: inherit; margin-bottom: 26px; color: rgb(115, 115, 111); font-family: lato, sans-serif; font-size: 16px;\"><br></p><h2 style=\"box-sizing: inherit; color: rgb(115, 115, 111); font-family: saturday_scriptregular; margin-top: 0px; margin-bottom: 20px; line-height: 60px; text-align: center; font-size: 40px !important;\">Bikinis + Swimwear</h2><p style=\"box-sizing: inherit; margin-bottom: 26px; color: rgb(115, 115, 111); font-family: lato, sans-serif; font-size: 16px;\">As some of the days are spent pretty much at the pool — cute swimwear is a must! While the floral suits I’m wearing above have since sold out</p><p style=\"box-sizing: inherit; margin-bottom: 26px; color: rgb(115, 115, 111); font-family: lato, sans-serif; font-size: 16px;\"><br></p><h2 style=\"box-sizing: inherit; color: rgb(115, 115, 111); font-family: saturday_scriptregular; margin-top: 0px; margin-bottom: 20px; line-height: 60px; text-align: center; font-size: 40px !important;\">Hats + Sandals</h2><p style=\"box-sizing: inherit; margin-bottom: 26px; color: rgb(115, 115, 111); font-family: lato, sans-serif; font-size: 16px;\">While hats aren’t the easiest thing to travel with, I always make a point to bring them as they can really change up an outfit and are great for blocking out some of the harsh rays!</p>', '2021-03-04 20:42:08', 5, 1, NULL, NULL),
(10, 'Places to Visit in Australia (That Aren’t Sydney)', 'australia.jpg', '<p style=\"box-sizing: inherit; margin-bottom: 26px; color: rgb(115, 115, 111); font-family: lato, sans-serif; font-size: 16px;\">When&nbsp;<a href=\"https://www.theblondeabroad.com/ultimate-australia-travel-guide/\" style=\"box-sizing: inherit; color: rgb(187, 135, 118); transition: all 0.1s ease-in-out 0s;\">planning a trip to Australia</a>, Sydney Harbor Bridge may be the first thing to come to mind, or you might picture the iconic wildlife such as kangaroos, koalas, or echidnas.</p><p style=\"box-sizing: inherit; margin-bottom: 26px; color: rgb(115, 115, 111); font-family: lato, sans-serif; font-size: 16px;\">However there’s so much more to OZ, and you could spend weeks (or months) exploring and still not see it all! Whether you’re looking for a great brunch spot, a beautiful place to hike, or a chance to meet some koalas, there is a place that’s perfect for you.</p><p style=\"box-sizing: inherit; margin-bottom: 26px; color: rgb(115, 115, 111); font-family: lato, sans-serif; font-size: 16px;\">As you plan your&nbsp;<a href=\"https://www.theblondeabroad.com/10-tips-for-your-first-trip-to-australia/\" style=\"box-sizing: inherit; color: rgb(187, 135, 118); transition: all 0.1s ease-in-out 0s;\">first trip to Australia</a>, you’ll want to see these 10 tips to make it a breeze. And, for those that are looking to go on a&nbsp;<a href=\"https://www.theblondeabroad.com/the-ultimate-guide-to-working-holiday-visas-in-australia/\" style=\"box-sizing: inherit; color: rgb(187, 135, 118); transition: all 0.1s ease-in-out 0s;\">Working Holiday visa</a>&nbsp;— make sure to check this out!</p><h4 style=\"box-sizing: inherit; color: rgb(115, 115, 111); font-family: jules_biglight, sans-serif; margin-top: 0px; margin-bottom: 16px; font-size: 2rem; letter-spacing: 0.2px; text-align: center;\">Here’s a list of ten places in Australia that you should visit (that aren’t Sydney)!</h4><h2 style=\"box-sizing: inherit; color: rgb(115, 115, 111); font-family: saturday_scriptregular; margin-top: 0px; margin-bottom: 20px; line-height: 60px; text-align: center; font-size: 40px !important;\">Hobart, Tasmania</h2><p style=\"box-sizing: inherit; margin-bottom: 26px; color: rgb(115, 115, 111); font-family: lato, sans-serif; font-size: 16px;\">Hobart is Tasmania’s capital city and it’s full of old buildings and beautiful outdoor attractions. Stop by the award-winning Salamanca Market and pick up some locally made bath and body products, artwork, and clothing, amongst other things.</p><p style=\"box-sizing: inherit; margin-bottom: 26px; color: rgb(115, 115, 111); font-family: lato, sans-serif; font-size: 16px;\">If you’re more of an outdoorsy type, you won’t be disappointed by all of the incredible opportunities to go hiking and experience the stunning landscape of the area. Spend a day exploring Freycinet National Park or go hiking at&nbsp;<a href=\"https://www.theblondeabroad.com/most-scenic-hikes-around-the-world/\" style=\"box-sizing: inherit; color: rgb(187, 135, 118); transition: all 0.1s ease-in-out 0s;\">the Bay of Fires</a>.</p><p style=\"box-sizing: inherit; margin-bottom: 26px; color: rgb(115, 115, 111); font-family: lato, sans-serif; font-size: 16px; text-align: center;\"><span style=\"box-sizing: inherit; font-weight: 700;\">If you’re a foodie, one of the guided food tours of Bruny Island is a can’t-miss excursion as well!</span></p><p style=\"box-sizing: inherit; margin-bottom: 26px; color: rgb(115, 115, 111); font-family: lato, sans-serif; font-size: 16px;\">If you’re making the trip to Hobart, make sure to rent a car and book a stay at some of the incredible Airbnbs in the area.&nbsp;<a href=\"https://www.airbnb.com/associates/436533?s=67&amp;c=.pi115.pk0_9&amp;a4ptk=6223_0_9_436533&amp;af=115\" target=\"_blank\" rel=\"noopener\" style=\"box-sizing: inherit; color: rgb(187, 135, 118); transition: all 0.1s ease-in-out 0s;\">Captains Rest</a>&nbsp;in Strahan is an incredible waterfront private cabin with a kitchenette. It’s a great place for a relaxing and unique environment.</p><h4 style=\"box-sizing: inherit; color: rgb(115, 115, 111); font-family: jules_biglight, sans-serif; margin-top: 0px; margin-bottom: 16px; font-size: 2rem; letter-spacing: 0.2px; text-align: center;\">Whatever you choose to do in Hobart, you’ll appreciate this off-the-beaten-path destination!</h4><h2 style=\"box-sizing: inherit; color: rgb(115, 115, 111); font-family: saturday_scriptregular; margin-top: 0px; margin-bottom: 20px; line-height: 60px; text-align: center; font-size: 40px !important;\">Melbourne, Victoria</h2><p style=\"box-sizing: inherit; margin-bottom: 26px; color: rgb(115, 115, 111); font-family: lato, sans-serif; font-size: 16px;\"><a href=\"https://www.theblondeabroad.com/free-things-to-do-melbourne/\" style=\"box-sizing: inherit; color: rgb(187, 135, 118); transition: all 0.1s ease-in-out 0s;\">Melbourne, Victoria</a>&nbsp;(pronounced “Mel-bin” by locals) will grace most Australia bucket lists, and when you visit you’ll see why! It’s slightly more urban than other destinations on this list and has a thriving coffee and brunch culture.</p><h4 style=\"box-sizing: inherit; color: rgb(115, 115, 111); font-family: jules_biglight, sans-serif; margin-top: 0px; margin-bottom: 16px; font-size: 2rem; letter-spacing: 0.2px; text-align: center;\">It’s also a great home base if you’re interested in taking some day trips.</h4><p style=\"box-sizing: inherit; margin-bottom: 26px; color: rgb(115, 115, 111); font-family: lato, sans-serif; font-size: 16px;\">Just a few minutes away from the city center lies the 12 Apostles. These limestone stone stacks jut out from the ocean. Contrary to what their name might suggest, there have only ever been eight “apostles”. One collapsed in 2005, but you can still see the rest of them today!</p><h2 style=\"box-sizing: inherit; color: rgb(115, 115, 111); font-family: saturday_scriptregular; margin-top: 0px; margin-bottom: 20px; line-height: 60px; text-align: center; font-size: 40px !important;\">Daintree, Queensland</h2><p style=\"box-sizing: inherit; margin-bottom: 26px; color: rgb(115, 115, 111); font-family: lato, sans-serif; font-size: 16px;\">If you’re looking to experience the natural beauty of Australia and want to see the rainforests and wildlife up close, Daintree, Queensland is your best bet! You can go snorkeling or scuba diving near the famous Great Barrier Reef.</p><p style=\"box-sizing: inherit; margin-bottom: 26px; color: rgb(115, 115, 111); font-family: lato, sans-serif; font-size: 16px;\">For a truly unique place to stay, consider the&nbsp;<a href=\"https://www.booking.com/hotel/au/daintree-eco-lodge-spa.en.html?aid=1853948&amp;no_rooms=1&amp;group_adults=2\" target=\"_blank\" rel=\"noopener\" style=\"box-sizing: inherit; color: rgb(187, 135, 118); transition: all 0.1s ease-in-out 0s;\">Daintree Ecolodge</a>. Instead of a standard room, you can stay in one of the 15 treehouses located throughout the property.</p><h4 style=\"box-sizing: inherit; color: rgb(115, 115, 111); font-family: jules_biglight, sans-serif; margin-top: 0px; margin-bottom: 16px; font-size: 2rem; letter-spacing: 0.2px; text-align: center;\">It’s located in the heart of the Daintree Rainforest and is a great place to disconnect and enjoy the lush green environment.</h4><p style=\"box-sizing: inherit; margin-bottom: 26px; color: rgb(115, 115, 111); font-family: lato, sans-serif; font-size: 16px;\">You can have dinner on the balcony of the Julaymba Restaurant, overlooking a little lagoon. Definitely making a booking to try their Degustation Menu, which highlights flavors from the local area and surrounding farms. It’s a true culinary experience!</p>', '2021-03-09 19:54:35', 5, 1, NULL, NULL),
(11, 'A Local’s Guide to Visiting Yellowstone National Park', 'yellowstone.jpg', '<p style=\"box-sizing: inherit; margin-bottom: 26px; color: rgb(115, 115, 111); font-family: lato, sans-serif; font-size: 16px; text-align: center;\"><span style=\"box-sizing: inherit; font-weight: 700;\">Sarah of&nbsp;<a href=\"https://shetravels.co/\" target=\"_blank\" rel=\"noopener\" style=\"box-sizing: inherit; color: rgb(187, 135, 118); font-weight: 400; transition: all 0.1s ease-in-out 0s;\">She Travels</a>&nbsp;is giving us an insider’s look into Yellowstone National Park!</span></p><p style=\"box-sizing: inherit; margin-bottom: 26px; color: rgb(115, 115, 111); font-family: lato, sans-serif; font-size: 16px;\">Yellowstone National Park is one of those places that takes your breath away every time you visit. The first time you see the geysers, hot springs, and other thermal features inside this park, you realize that any photo you’ve seen or story you heard just didn’t do it justice.</p><h4 style=\"box-sizing: inherit; color: rgb(115, 115, 111); font-family: jules_biglight, sans-serif; margin-top: 0px; margin-bottom: 16px; font-size: 2rem; letter-spacing: 0.2px; text-align: center;\">And then you’ll want to come back again and again!</h4><p style=\"box-sizing: inherit; margin-bottom: 26px; color: rgb(115, 115, 111); font-family: lato, sans-serif; font-size: 16px;\">Personally, up until this year, I’ve never been one to “waste” a vacation by going to a national park. I would always prefer to visit another country – usually Europe. Yellowstone changed that for me.</p><p style=\"box-sizing: inherit; margin-bottom: 26px; color: rgb(115, 115, 111); font-family: lato, sans-serif; font-size: 16px;\">I have a feeling that this apathetic attitude I had about my home country’s most beautiful places stemmed from the fact that I lived in Chicago for most of my life and never really had a chance to visit Western USA.</p><p style=\"box-sizing: inherit; margin-bottom: 26px; color: rgb(115, 115, 111); font-family: lato, sans-serif; font-size: 16px; text-align: center;\"><span style=\"box-sizing: inherit; font-weight: 700;\">I was fortunate enough to move to Southwest Montana in early 2020 and within mere seconds of being in this beautiful state, I was hooked.</span></p><p style=\"box-sizing: inherit; margin-bottom: 26px; color: rgb(115, 115, 111); font-family: lato, sans-serif; font-size: 16px;\">So far, I’ve visited Yellowstone 3 times and I don’t plan on stopping anytime soon. Every time I go, I see something new or learn something new and that’s the beauty of this park! It’s so massive that you can come back time and time again without getting bored.</p><p style=\"box-sizing: inherit; margin-bottom: 26px; color: rgb(115, 115, 111); font-family: lato, sans-serif; font-size: 16px;\">My favorite thing about Yellowstone is that it sits on top of a supervolcano. The Caldera (or volcano rim) is so wide that you can’t even tell when you’re in it or passing over it. The volcano has erupted 3 times in the past – the most recent being over 600,000 years ago.</p><p style=\"box-sizing: inherit; margin-bottom: 26px; color: rgb(115, 115, 111); font-family: lato, sans-serif; font-size: 16px;\">Those eruptions are what caused many of the beautiful landscapes you’ll drive past. The volcano is still active, and the thermal activity underground is the cause of all the features you’ll see in the park including hot springs and geysers.</p><h4 style=\"box-sizing: inherit; color: rgb(115, 115, 111); font-family: jules_biglight, sans-serif; margin-top: 0px; margin-bottom: 16px; font-size: 2rem; letter-spacing: 0.2px; text-align: center;\">Here’s my local’s guide to visiting Yellowstone National Park!</h4><h2 style=\"box-sizing: inherit; color: rgb(115, 115, 111); font-family: saturday_scriptregular; margin-top: 0px; margin-bottom: 20px; line-height: 60px; text-align: center; font-size: 40px !important;\">The Best&nbsp; Time to Visit</h2><p style=\"box-sizing: inherit; margin-bottom: 26px; color: rgb(115, 115, 111); font-family: lato, sans-serif; font-size: 16px;\">If you’re traveling to Yellowstone for the first time, I recommend visiting in the late Summer or early Fall. The summer is by far the most popular time to visit, which means it’s the most crowded. It’s also not very fun to walk around in the heat all day – at least in my opinion.</p><p style=\"box-sizing: inherit; margin-bottom: 26px; color: rgb(115, 115, 111); font-family: lato, sans-serif; font-size: 16px;\">In Winter, a lot of the roads in Yellowstone are closed, plus everything is covered in snow which makes it hard to see the beautiful colors of the thermal features. That said, if you’re visiting for a second or third time, Winter can be an incredible opportunity to take a snowmobiling tour or snow coach tour through the park.</p><p style=\"box-sizing: inherit; margin-bottom: 26px; color: rgb(115, 115, 111); font-family: lato, sans-serif; font-size: 16px; text-align: center;\"><span style=\"box-sizing: inherit; font-weight: 700;\">For more information on what to do in Yellowstone and other National Parks in Winter, c</span><span style=\"box-sizing: inherit; font-weight: 700;\">heck out&nbsp;<a href=\"https://shetravels.co/national-parks-in-winter\" target=\"_blank\" rel=\"noopener noreferrer\" style=\"box-sizing: inherit; color: rgb(115, 115, 111); font-weight: 400; transition: all 0.1s ease-in-out 0s; outline-width: 0px;\">this</a>&nbsp;</span><a href=\"https://shetravels.co/national-parks-in-winter\" target=\"_blank\" rel=\"noopener noreferrer\" style=\"box-sizing: inherit; color: rgb(187, 135, 118); transition: all 0.1s ease-in-out 0s;\">blog post</a><span style=\"font-weight: 700;\">.</span></p><h2 style=\"box-sizing: inherit; color: rgb(115, 115, 111); font-family: saturday_scriptregular; margin-top: 0px; margin-bottom: 20px; line-height: 60px; text-align: center; font-size: 40px !important;\">Getting Around</h2><p style=\"box-sizing: inherit; margin-bottom: 26px; color: rgb(115, 115, 111); font-family: lato, sans-serif; font-size: 16px;\">You’ll undoubtedly need a vehicle of some sort to get around Yellowstone. The easiest option is to have a car, but you’ll also see a lot of motorcycles cruising around, as well.</p><p style=\"box-sizing: inherit; margin-bottom: 26px; color: rgb(115, 115, 111); font-family: lato, sans-serif; font-size: 16px;\">If you live nearby, I’d recommend driving to the park and staying in a hotel nearby for the duration of your trip. However, if you’re flying in, you can rent a car right at the Bozeman-Yellowstone International Airport (or wherever you decide to fly into).</p><p style=\"box-sizing: inherit; margin-bottom: 26px; color: rgb(115, 115, 111); font-family: lato, sans-serif; font-size: 16px;\">Also, note before you go that there will be almost no cell service, so either grab a map at the entrance station or download the Yellowstone app before you go for a map of the park, major sites to see, geyser prediction times, and more.</p><h2 style=\"box-sizing: inherit; color: rgb(115, 115, 111); font-family: saturday_scriptregular; margin-top: 0px; margin-bottom: 20px; line-height: 60px; text-align: center; font-size: 40px !important;\">Where to Stay</h2><p style=\"box-sizing: inherit; margin-bottom: 26px; color: rgb(115, 115, 111); font-family: lato, sans-serif; font-size: 16px;\">There are 4 major entrances to Yellowstone – North, South, East, and West. There’s also technically a Northeast entrance, but I’d recommend planning to enter at one of the main entrances because they are closest to the sites you’ll want to see.</p><p style=\"box-sizing: inherit; margin-bottom: 26px; color: rgb(115, 115, 111); font-family: lato, sans-serif; font-size: 16px;\">The North entrance’s closest town is Gardiner, MT. It’s full of hotels, souvenir shops, bars, and restaurants. This is the entrance we use most often and I don’t really have a hotel recommendation for you because they’re all just okay. They aren’t anything special, but you aren’t going for the hotel! You’ll just be there to sleep.</p><div><br></div>', '2021-03-09 21:09:15', 5, 1, NULL, NULL),
(12, 'The Ultimate 3-Day South Dakota Road Trip Itinerary', '1615745888ultimate.jpg', '<p style=\"box-sizing: inherit; margin-bottom: 26px; color: rgb(115, 115, 111); font-family: lato, sans-serif; font-size: 16px; text-align: center;\"><span style=\"box-sizing: inherit; font-weight: 700;\">Kylee of&nbsp;<a href=\"https://www.passportsandpreemies.com/\" target=\"_blank\" rel=\"noopener\" style=\"box-sizing: inherit; color: rgb(187, 135, 118); font-weight: 400; transition: all 0.1s ease-in-out 0s;\">Passports and Preemies</a>&nbsp;is sharing her South Dakota road trip itinerary!</span></p><p style=\"box-sizing: inherit; margin-bottom: 26px; color: rgb(115, 115, 111); font-family: lato, sans-serif; font-size: 16px;\">One of the most underrated states in America, South Dakota is insanely beautiful, affordable, and easy to&nbsp;<a href=\"https://theblondeabroad.com/10-essential-tips-for-your-road-trip/\" style=\"box-sizing: inherit; color: rgb(187, 135, 118); transition: all 0.1s ease-in-out 0s;\">road trip</a>&nbsp;through. With the highlights of the state being the Black Hills mountain range and the Badlands National Park, you’ll start and end this road trip in Rapid City.</p><p style=\"box-sizing: inherit; margin-bottom: 26px; color: rgb(115, 115, 111); font-family: lato, sans-serif; font-size: 16px;\">As you travel through South Dakota in three days, expect to see an abundance of wildlife and have ample opportunities to pull over on the side of the road to take in scenic overlooks. On this trip expect to be able to hike, visit waterfalls, and learn about US history from historic monuments.</p><p style=\"box-sizing: inherit; margin-bottom: 26px; color: rgb(115, 115, 111); font-family: lato, sans-serif; font-size: 16px; text-align: center;\"><span style=\"box-sizing: inherit; font-weight: 700;\">Along the way, as you move from small town to small town, there will be opportunities to “glamp,” stay in a hotel, or even rent a cozy log cabin.</span></p><h4 style=\"box-sizing: inherit; color: rgb(115, 115, 111); font-family: jules_biglight, sans-serif; margin-top: 0px; margin-bottom: 16px; font-size: 2rem; letter-spacing: 0.2px; text-align: center;\">Here’s the ultimate 3-day South Dakota road trip itinerary!</h4><h2 style=\"box-sizing: inherit; color: rgb(115, 115, 111); font-family: saturday_scriptregular; margin-top: 0px; margin-bottom: 20px; line-height: 60px; text-align: center; font-size: 40px !important;\">The Best&nbsp; Time To Go</h2><p style=\"box-sizing: inherit; margin-bottom: 26px; color: rgb(115, 115, 111); font-family: lato, sans-serif; font-size: 16px;\">The best time to road trip through South Dakota is during the spring, summer, or fall. There’s a lot of outdoor activities so visiting from late spring to early fall is ideal.</p><p style=\"box-sizing: inherit; margin-bottom: 26px; color: rgb(115, 115, 111); font-family: lato, sans-serif; font-size: 16px;\">I would recommend avoiding this road trip in the winter because some of the most scenic highways are closed at this time due to snow.</p><h2 style=\"box-sizing: inherit; color: rgb(115, 115, 111); font-family: saturday_scriptregular; margin-top: 0px; margin-bottom: 20px; line-height: 60px; text-align: center; font-size: 40px !important;\">My 3-Day Itinerary</h2><ul style=\"box-sizing: inherit; margin-bottom: 26px; margin-left: 40px; color: rgb(115, 115, 111); font-family: lato, sans-serif; font-size: 16px;\"><li style=\"box-sizing: inherit; list-style-type: disc;\"><span style=\"box-sizing: inherit; font-weight: 700;\">Day 1:</span>&nbsp;Spearfish Canyon Scenic Byway + Deadwood + Pactola Lake</li><li style=\"box-sizing: inherit; list-style-type: disc;\"><span style=\"box-sizing: inherit; font-weight: 700;\">Day 2:</span>&nbsp;Mount Rushmore + Needles Highway + Black Elk Peak + Sylvan Lake</li><li style=\"box-sizing: inherit; list-style-type: disc;\"><span style=\"box-sizing: inherit; font-weight: 700;\">Day 3:</span>&nbsp;Cathedral Spires + Badlands National Park</li><li style=\"box-sizing: inherit; list-style-type: disc;\"><h2 style=\"box-sizing: inherit; color: rgb(115, 115, 111); font-family: saturday_scriptregular; margin-top: 0px; margin-bottom: 20px; line-height: 60px; text-align: center; font-size: 40px !important;\">Trip Additions</h2><p style=\"box-sizing: inherit; margin-bottom: 26px;\">If you have additional time to spend in South Dakota I’d recommend spending extra time in the Black Hills. Don’t miss the Crazy Horse Memorial, Wildlife Loop Road, and Jewel Cave.</p><p style=\"box-sizing: inherit; margin-bottom: 26px;\">If you’re looking to see more of South Dakota and are into kitsch, cheesy places make sure to check out Wall Drug Store in Wall, South Dakota. And finally, don’t miss The Corn Palace in Mitchell.</p><p style=\"box-sizing: inherit; margin-bottom: 26px;\">South Dakota is truly one of the most unique areas in the United States. With historic, Wild West towns frozen in time, wildlife sightings, hiking, and scenic drives; visiting this state is well worth your time.</p><p style=\"box-sizing: inherit; margin-bottom: 26px; text-align: center;\"><span style=\"box-sizing: inherit; font-weight: 700;\">If you’re planning a visit and looking for more information on which towns to visit and why make sure to check out&nbsp;<a href=\"https://www.passportsandpreemies.com/the-best-towns-in-south-dakota/\" target=\"_blank\" rel=\"noopener noreferrer\" style=\"box-sizing: inherit; color: rgb(187, 135, 118); font-weight: 400; transition: all 0.1s ease-in-out 0s;\">The Best Towns in South Dakota</a>.</span></p></li></ul>', '2021-03-09 21:27:29', 5, 1, NULL, NULL);
INSERT INTO `posts` (`id`, `title`, `img`, `text`, `date`, `idUser`, `approved`, `created_at`, `updated_at`) VALUES
(13, 'The Best Destinations in the United States for Leaf Peeping', 'uslp.jpg', '<p style=\"box-sizing: inherit; margin-bottom: 26px; color: rgb(115, 115, 111); font-family: lato, sans-serif; font-size: 16px;\">Do you love seeing all the gorgeous colors of changing fall foliage? If you’re a big fan of autumn like me, you’ll definitely want to check out the&nbsp;<a href=\"https://theblondeabroad.com/best-united-states-destinations-to-visit-in-the-fall/\" style=\"box-sizing: inherit; color: rgb(187, 135, 118); transition: all 0.1s ease-in-out 0s;\">best destinations in the United States to visit in the fall</a>.</p><p style=\"box-sizing: inherit; margin-bottom: 26px; color: rgb(115, 115, 111); font-family: lato, sans-serif; font-size: 16px; text-align: center;\"><span style=\"box-sizing: inherit; font-weight: 700;\">Predicting when exactly the autumn leaves will change is quite tricky, so if you’re planning a trip purely to peep the leaves—it’s best to give yourself a bit of leeway.&nbsp;</span></p><p style=\"box-sizing: inherit; margin-bottom: 26px; color: rgb(115, 115, 111); font-family: lato, sans-serif; font-size: 16px;\">While New England typically gets the most attention for being the prime place to see the color change, there are so many other wonderful places around the&nbsp;<a href=\"https://theblondeabroad.com/ultimate-usa-travel-guide/\" style=\"box-sizing: inherit; color: rgb(187, 135, 118); transition: all 0.1s ease-in-out 0s;\">United States</a>&nbsp;to witness the seasonal shift.</p><h4 style=\"box-sizing: inherit; color: rgb(115, 115, 111); font-family: jules_biglight, sans-serif; margin-top: 0px; margin-bottom: 16px; font-size: 2rem; letter-spacing: 0.2px; text-align: center;\">From coast to coast, here are the best destinations in the United States for leaf peeping!</h4><h2 style=\"box-sizing: inherit; color: rgb(115, 115, 111); font-family: saturday_scriptregular; margin-top: 0px; margin-bottom: 20px; line-height: 60px; text-align: center; font-size: 40px !important;\">Timing of Your Trip</h2><p style=\"box-sizing: inherit; margin-bottom: 26px; color: rgb(115, 115, 111); font-family: lato, sans-serif; font-size: 16px; text-align: center;\"><span style=\"box-sizing: inherit; font-weight: 700;\">For some of these places, there are online calendars that will give you a better look at when the shift is starting and the peak time for you to visit.</span></p><p style=\"box-sizing: inherit; margin-bottom: 26px; color: rgb(115, 115, 111); font-family: lato, sans-serif; font-size: 16px;\"><a href=\"https://smokymountains.com/fall-foliage-map/\" target=\"_blank\" rel=\"noopener noreferrer\" style=\"box-sizing: inherit; color: rgb(187, 135, 118); transition: all 0.1s ease-in-out 0s;\">Smoky Mountains’ fall foliage prediction map</a>&nbsp;is an interactive tool to give you a better idea of when you’ll see colors during the autumn season. The site uses factors like historical precipitation, elevation, temperatures, forecasts, and several other data points to give you a better idea of peak leaf-peeping time.</p><p style=\"box-sizing: inherit; margin-bottom: 26px; color: rgb(115, 115, 111); font-family: lato, sans-serif; font-size: 16px;\">However, fall foliage is quite a complex thing as so many different things factor into the rate at which they change — things like day and nighttime temperatures, and even the amount of sugar in the leaves.</p><p style=\"box-sizing: inherit; margin-bottom: 26px; color: rgb(115, 115, 111); font-family: lato, sans-serif; font-size: 16px; text-align: center;\"><span style=\"box-sizing: inherit; font-weight: 700;\">So, while the prediction map won’t be 100% — it does give you a better idea of when to plan your trip!</span></p><p style=\"box-sizing: inherit; margin-bottom: 26px; color: rgb(115, 115, 111); font-family: lato, sans-serif; font-size: 16px;\">Another resource is&nbsp;<a href=\"http://leafpeepers.com/wpleaf/\" target=\"_blank\" rel=\"noopener noreferrer\" style=\"box-sizing: inherit; color: rgb(187, 135, 118); transition: all 0.1s ease-in-out 0s;\">Leaf Peepers</a>, which provides reports from on-the-ground volunteers about leaf updates across the country. Did you know that some states even have a&nbsp;<a href=\"http://leafpeepers.com/wpleaf/contents/\" target=\"_blank\" rel=\"noopener noreferrer\" style=\"box-sizing: inherit; color: rgb(187, 135, 118); transition: all 0.1s ease-in-out 0s;\">dedicated foliage hotline</a>&nbsp;you can call for updates?</p><h4 style=\"box-sizing: inherit; color: rgb(115, 115, 111); font-family: jules_biglight, sans-serif; margin-top: 0px; margin-bottom: 16px; font-size: 2rem; letter-spacing: 0.2px; text-align: center;\">My best advice: be flexible, plan ahead and look to local resources to figure out the best time.</h4><h2 style=\"box-sizing: inherit; color: rgb(115, 115, 111); font-family: saturday_scriptregular; margin-top: 0px; margin-bottom: 20px; line-height: 60px; text-align: center; font-size: 40px !important;\">Tips for Your Fall Foliage Trip</h2><p style=\"box-sizing: inherit; margin-bottom: 26px; color: rgb(115, 115, 111); font-family: lato, sans-serif; font-size: 16px;\">If you’re wanting to snap photos to relive the moment later, l highly suggest learning&nbsp;<a href=\"https://theblondeabroad.com/beginners-guide-to-photographing-in-manual-mode/\" style=\"box-sizing: inherit; color: rgb(187, 135, 118); transition: all 0.1s ease-in-out 0s;\">how to use your camera in manual mode</a>&nbsp;before going so you can nail those photos.</p><p style=\"box-sizing: inherit; margin-bottom: 26px; color: rgb(115, 115, 111); font-family: lato, sans-serif; font-size: 16px;\">While driving some of the byways and long stretches is great, parking and getting out of the car and exploring beautiful hiking trails is an absolute dream!</p><p style=\"box-sizing: inherit; margin-bottom: 26px; color: rgb(115, 115, 111); font-family: lato, sans-serif; font-size: 16px;\">Be mindful that if you wait too long and a storm hits, the trees may be ripped bare.</p><p style=\"box-sizing: inherit; margin-bottom: 26px; color: rgb(115, 115, 111); font-family: lato, sans-serif; font-size: 16px; text-align: center;\"><span style=\"box-sizing: inherit; font-weight: 700;\">Last, but certainly not least, to avoid disappointment—fill your trip with other autumn faves: find places to enjoy hot cider, go apple picking or visit a pumpkin patch, find a fall festival to attend, or take a hayride!</span></p><h4 style=\"box-sizing: inherit; color: rgb(115, 115, 111); font-family: jules_biglight, sans-serif; margin-top: 0px; margin-bottom: 16px; font-size: 2rem; letter-spacing: 0.2px; text-align: center;\">Again, the leaves are gorgeous but can be unpredictable.</h4><h2 style=\"box-sizing: inherit; color: rgb(115, 115, 111); font-family: saturday_scriptregular; margin-top: 0px; margin-bottom: 20px; line-height: 60px; text-align: center; font-size: 40px !important;\">Maine</h2><p style=\"box-sizing: inherit; margin-bottom: 26px; color: rgb(115, 115, 111); font-family: lato, sans-serif; font-size: 16px;\">The coast of Maine is an absolute dream. While its rustic and rugged charm is attractive all year round, folks tend to flock for summer beaches and the vibrant fall foliage.</p><p style=\"box-sizing: inherit; margin-bottom: 26px; color: rgb(115, 115, 111); font-family: lato, sans-serif; font-size: 16px;\">Bar Harbor gets a lot of attention when it comes to autumn displays—plus, when you mix that with the salty, sea air, it’s a brilliantly crisp mix! Stay at the many historic hotels and bed and breakfasts in the area, and explore Acadia National Park.</p><h2 style=\"box-sizing: inherit; color: rgb(115, 115, 111); font-family: saturday_scriptregular; margin-top: 0px; margin-bottom: 20px; line-height: 60px; text-align: center; font-size: 40px !important;\">Stowe + Montpelier, Vermont</h2><p style=\"box-sizing: inherit; margin-bottom: 26px; color: rgb(115, 115, 111); font-family: lato, sans-serif; font-size: 16px;\">I mentioned Stowe in the&nbsp;<a href=\"https://theblondeabroad.com/best-united-states-destinations-to-visit-in-the-fall/\" style=\"box-sizing: inherit; color: rgb(187, 135, 118); transition: all 0.1s ease-in-out 0s;\">best destinations in the US to visit in the fall</a>—and for good reason. Stowe is often referred to as “Fall’s Color Capital,” and quite honestly, it looks like it’s straight out of an autumn Hallmark movie!</p><p style=\"box-sizing: inherit; margin-bottom: 26px; color: rgb(115, 115, 111); font-family: lato, sans-serif; font-size: 16px;\">Montpelier is also one of the most charming towns in the USA. And Vermont, as a whole, seriously wins when it comes to fall color. There are a number of scenic routes to drive to get your fill of yellow, red, orange, and brown hues, so take your pick.</p><div><br></div>', '2021-03-09 21:32:05', 5, 1, NULL, NULL),
(14, 'The Ultimate Guide to Visiting Rocky Mountain National Park', 'rocky.jpg', '<p style=\"box-sizing: inherit; margin-bottom: 26px; color: rgb(115, 115, 111); font-family: lato, sans-serif; font-size: 16px; text-align: center;\"><span style=\"box-sizing: inherit; font-weight: 700;\">Elizabeth of&nbsp;<a href=\"https://www.thetravelogueonline.com/\" target=\"_blank\" rel=\"noopener noreferrer\" style=\"box-sizing: inherit; color: rgb(187, 135, 118); font-weight: 400; transition: all 0.1s ease-in-out 0s;\">The Travelogue</a>&nbsp;is sharing all about visiting Rocky Mountain National Park!</span></p><p style=\"box-sizing: inherit; margin-bottom: 26px; color: rgb(115, 115, 111); font-family: lato, sans-serif; font-size: 16px;\">I live in&nbsp;<a href=\"https://theblondeabroad.com/the-ultimate-guide-to-denver-in-a-weekend/\" style=\"box-sizing: inherit; color: rgb(187, 135, 118); transition: all 0.1s ease-in-out 0s;\">Denver</a>, Colorado – which is just an hour and a half drive from beautiful Rocky Mountain National Park (RMNP), making it an awesome weekend or day trip for both Coloradans and visitors.</p><p style=\"box-sizing: inherit; margin-bottom: 26px; color: rgb(115, 115, 111); font-family: lato, sans-serif; font-size: 16px;\">RMNP is the third most visited national park in the United States, and for good reason: high alpine lakes, insane peaks, tons of wildlife, and miles on miles of trails to explore. There’s truly something for everyone!</p><h4 style=\"box-sizing: inherit; color: rgb(115, 115, 111); font-family: jules_biglight, sans-serif; margin-top: 0px; margin-bottom: 16px; font-size: 2rem; letter-spacing: 0.2px; text-align: center;\">Here’s the ultimate guide to visiting Rocky Mountain National Park!</h4><h2 style=\"box-sizing: inherit; color: rgb(115, 115, 111); font-family: saturday_scriptregular; margin-top: 0px; margin-bottom: 20px; line-height: 60px; text-align: center; font-size: 40px !important;\">The Best&nbsp; Time to Visit</h2><p style=\"box-sizing: inherit; margin-bottom: 26px; color: rgb(115, 115, 111); font-family: lato, sans-serif; font-size: 16px; text-align: center;\"><span style=\"box-sizing: inherit; font-weight: 700;\">RMNP can be visited year-round, 24/7, and has something to offer for every season.</span></p><h3 style=\"box-sizing: inherit; color: rgb(115, 115, 111); font-family: jules_biglight, sans-serif; margin-top: 0px; margin-bottom: 16px; font-size: 2.2rem;\">Summer</h3><p style=\"box-sizing: inherit; margin-bottom: 26px; color: rgb(115, 115, 111); font-family: lato, sans-serif; font-size: 16px;\">Summertime is arguably one of the best seasons to visit the park, as by this point all of the trails will be clear of snow. You’ll get clear, blue skies, and the most comfortable temperatures of the year.</p><p style=\"box-sizing: inherit; margin-bottom: 26px; color: rgb(115, 115, 111); font-family: lato, sans-serif; font-size: 16px;\">Wildflowers will be covering the park grounds, and wildlife will be out and about. Summer is also the best opportunity to camp or go backpacking, as temperatures at night don’t drop too low. As it’s so accessible and the weather is so great, summer is definitely the most popular season of the year.</p><h3 style=\"box-sizing: inherit; color: rgb(115, 115, 111); font-family: jules_biglight, sans-serif; margin-top: 0px; margin-bottom: 16px; font-size: 2.2rem;\">Fall</h3><p style=\"box-sizing: inherit; margin-bottom: 26px; color: rgb(115, 115, 111); font-family: lato, sans-serif; font-size: 16px; text-align: center;\"><span style=\"box-sizing: inherit; font-weight: 700;\">Fall in Colorado is unlike any other, as the yellow Aspens peak sometime in September – lighting up the park with color.</span></p><p style=\"box-sizing: inherit; margin-bottom: 26px; color: rgb(115, 115, 111); font-family: lato, sans-serif; font-size: 16px;\">This is also the best time to see “fall-rut,” or elk mating season, where they can be seen clashing horns and bugling. During the&nbsp;<a href=\"https://theblondeabroad.com/best-destinations-united-states-leaf-peeping/\" style=\"box-sizing: inherit; color: rgb(187, 135, 118); transition: all 0.1s ease-in-out 0s;\">leaf-peeping season</a>, it’s recommended to come on a weekday if possible.</p><h3 style=\"box-sizing: inherit; color: rgb(115, 115, 111); font-family: jules_biglight, sans-serif; margin-top: 0px; margin-bottom: 16px; font-size: 2.2rem;\">Winter</h3><p style=\"box-sizing: inherit; margin-bottom: 26px; color: rgb(115, 115, 111); font-family: lato, sans-serif; font-size: 16px;\">A much quieter time in the park, but still&nbsp;<em style=\"box-sizing: inherit;\">*snow*</em>&nbsp;much to do. Though most of RMNP will be covered in a white sheet, you can rent snowshoes from Estes Park for the day so you can explore the park in a new kind of way.</p><p style=\"box-sizing: inherit; margin-bottom: 26px; color: rgb(115, 115, 111); font-family: lato, sans-serif; font-size: 16px; text-align: center;\"><span style=\"box-sizing: inherit; font-weight: 700;\">Know that from mid-fall, through winter, and into spring, many facilities and roads are closed down.</span></p><h3 style=\"box-sizing: inherit; color: rgb(115, 115, 111); font-family: jules_biglight, sans-serif; margin-top: 0px; margin-bottom: 16px; font-size: 2.2rem;\">Spring</h3><p style=\"box-sizing: inherit; margin-bottom: 26px; color: rgb(115, 115, 111); font-family: lato, sans-serif; font-size: 16px;\">Since the park is at a higher elevation, many of the trails are still covered in snow until June – the first time I completed Sky Pond in early May, I was sinking up to my knees in snow!</p><p style=\"box-sizing: inherit; margin-bottom: 26px; color: rgb(115, 115, 111); font-family: lato, sans-serif; font-size: 16px; text-align: center;\"><span style=\"box-sizing: inherit; font-weight: 700;\">If hiking is your main goal, wait until summer. Trails can be hit or miss during the spring for accessibility.</span></p><p style=\"box-sizing: inherit; margin-bottom: 26px; color: rgb(115, 115, 111); font-family: lato, sans-serif; font-size: 16px; text-align: center;\"><em style=\"box-sizing: inherit;\">*Please note: due to COVID-19, RMNP is limiting visitors into the park by requiring daily permits on a timed entry system from 6 AM to 5 PM. Plan ahead and visit&nbsp;<a href=\"https://www.recreation.gov/ticket/facility/300013\" target=\"_blank\" rel=\"noopener noreferrer\" style=\"box-sizing: inherit; color: rgb(187, 135, 118); transition: all 0.1s ease-in-out 0s;\">Recreation.gov</a>&nbsp;to purchase your permits.</em></p><h2 style=\"box-sizing: inherit; color: rgb(115, 115, 111); font-family: saturday_scriptregular; margin-top: 0px; margin-bottom: 20px; line-height: 60px; text-align: center; font-size: 40px !important;\">Getting Around</h2><h3 style=\"box-sizing: inherit; color: rgb(115, 115, 111); font-family: jules_biglight, sans-serif; margin-top: 0px; margin-bottom: 16px; font-size: 2.2rem;\">How to Get There</h3><p style=\"box-sizing: inherit; margin-bottom: 26px; color: rgb(115, 115, 111); font-family: lato, sans-serif; font-size: 16px;\">The best way to get to RMNP is to fly into Denver International Airport and rent a car. From there, you’ll reach Estes Park in under two hours. Once in the park, the free shuttle will take you to some of the most well-known trailheads.</p><p style=\"box-sizing: inherit; margin-bottom: 26px; color: rgb(115, 115, 111); font-family: lato, sans-serif; font-size: 16px;\">You can also enter RMNP from Grand Lake, but for ease of access to the park and the most popular trails, the Estes Park entrance is the way to go.</p><h3 style=\"box-sizing: inherit; color: rgb(115, 115, 111); font-family: jules_biglight, sans-serif; margin-top: 0px; margin-bottom: 16px; font-size: 2.2rem;\">Taking the Shuttles</h3><p style=\"box-sizing: inherit; margin-bottom: 26px; color: rgb(115, 115, 111); font-family: lato, sans-serif; font-size: 16px;\">RMNP has multiple trailheads to explore – but most of them fill up early. To combat this, there are two bus stops in RMNP – one at the Estes Park Visitor Center, and one at the Park and Ride.</p><p style=\"box-sizing: inherit; margin-bottom: 26px; color: rgb(115, 115, 111); font-family: lato, sans-serif; font-size: 16px;\">From the visitor’s center, you will be taken to the Park and Ride, and choose either the Moraine Park or Bear Lake Route. Though Estes Park does provide shuttles to the visitor’s center, I recommend driving into the park for the sake of time.</p><p style=\"box-sizing: inherit; margin-bottom: 26px; color: rgb(115, 115, 111); font-family: lato, sans-serif; font-size: 16px; text-align: center;\"><em style=\"box-sizing: inherit;\"></em></p><p style=\"box-sizing: inherit; margin-bottom: 26px; color: rgb(115, 115, 111); font-family: lato, sans-serif; font-size: 16px; text-align: center;\"><span style=\"box-sizing: inherit; font-weight: 700;\">All of these shuttles are free, and RMNP is well marked to find your way around!</span></p>', '2021-03-09 21:39:00', 5, 1, NULL, NULL),
(15, 'A Local’s Guide to Boston', 'boston.jpg', '<h4 style=\"box-sizing: inherit; color: rgb(115, 115, 111); font-family: jules_biglight, sans-serif; margin-top: 0px; margin-bottom: 16px; font-size: 2rem; letter-spacing: 0.2px; text-align: center;\">Penelope of&nbsp;<a href=\"https://isthisseattaken.co/\" target=\"_blank\" rel=\"noopener noreferrer\" style=\"box-sizing: inherit; color: rgb(187, 135, 118); transition: all 0.1s ease-in-out 0s;\">Is This Seat Taken?</a>&nbsp;is giving us an inside look into Boston, Massachusetts!</h4><p style=\"box-sizing: inherit; margin-bottom: 26px; color: rgb(115, 115, 111); font-family: lato, sans-serif; font-size: 16px;\">Boston is home! I went to undergrad and grad school here, and then stayed in the city for another 10 years. My family lives in the area so I am fortunate to always have a reason to return.</p><p style=\"box-sizing: inherit; margin-bottom: 26px; color: rgb(115, 115, 111); font-family: lato, sans-serif; font-size: 16px;\">Boston is the perfect size to explore on foot and a well-rounded blend of historic, comfortable, ambitiousness, and absolute charm. Every neighborhood has a distinctive feel so it’s worth spending time in each.</p><p style=\"box-sizing: inherit; margin-bottom: 26px; color: rgb(115, 115, 111); font-family: lato, sans-serif; font-size: 16px; text-align: center;\"><span style=\"box-sizing: inherit; font-weight: 700;\">As a bonus, Boston chefs have definitely stepped up to the plate in recent years, and now the city is becoming a culinary destination, too.</span></p><h4 style=\"box-sizing: inherit; color: rgb(115, 115, 111); font-family: jules_biglight, sans-serif; margin-top: 0px; margin-bottom: 16px; font-size: 2rem; letter-spacing: 0.2px; text-align: center;\">Here’s my guide to exploring Boston like a local!</h4><h2 style=\"box-sizing: inherit; color: rgb(115, 115, 111); font-family: saturday_scriptregular; margin-top: 0px; margin-bottom: 20px; line-height: 60px; text-align: center; font-size: 40px !important;\">The Best&nbsp; Time to Visit</h2><p style=\"box-sizing: inherit; margin-bottom: 26px; color: rgb(115, 115, 111); font-family: lato, sans-serif; font-size: 16px; text-align: center;\"><span style=\"box-sizing: inherit; font-weight: 700;\">Boston is different in every season, which is a fantastic reason to come back and visit.</span></p><p style=\"box-sizing: inherit; margin-bottom: 26px; color: rgb(115, 115, 111); font-family: lato, sans-serif; font-size: 16px;\">Heads up: the winter is&nbsp;<em style=\"box-sizing: inherit;\">very</em>&nbsp;cold! But with snow on the ground and holiday festivities, it can be a winter wonderland. So, if you’re willing to bundle up, the city will have a fireplace lounge and a cup of hot chowder waiting for you.</p><p style=\"box-sizing: inherit; margin-bottom: 26px; color: rgb(115, 115, 111); font-family: lato, sans-serif; font-size: 16px;\">If I had to choose one, fall is when Boston really shines! The weather stays warm through October, the tourists have left, breweries and apple orchards are in full swing and the New England foliage is spectacular.</p><h4 style=\"box-sizing: inherit; color: rgb(115, 115, 111); font-family: jules_biglight, sans-serif; margin-top: 0px; margin-bottom: 16px; font-size: 2rem; letter-spacing: 0.2px; text-align: center;\">No matter what time of year you visit, layers are key!</h4><h2 style=\"box-sizing: inherit; color: rgb(115, 115, 111); font-family: saturday_scriptregular; margin-top: 0px; margin-bottom: 20px; line-height: 60px; text-align: center; font-size: 40px !important;\">Getting Around<span style=\"box-sizing: inherit; font-weight: 700;\">&nbsp;</span></h2><p style=\"box-sizing: inherit; margin-bottom: 26px; color: rgb(115, 115, 111); font-family: lato, sans-serif; font-size: 16px; text-align: center;\"><span style=\"box-sizing: inherit; font-weight: 700;\">Don’t rent a car! I’ve been living in the city for 10 years and I still get confused when driving the one-way no-rhyme-or-reason streets.</span></p><p style=\"box-sizing: inherit; margin-bottom: 26px; color: rgb(115, 115, 111); font-family: lato, sans-serif; font-size: 16px;\">Boston has the oldest public transportation subway in the country. The “T” is straightforward to use and especially convenient if you are traveling during rush hour or to/from a game.</p><p style=\"box-sizing: inherit; margin-bottom: 26px; color: rgb(115, 115, 111); font-family: lato, sans-serif; font-size: 16px;\">My suggestion is to buy a roundtrip CharlieTicket from a subway vending machine to start. The fare cost is the same regardless of which stop you get off at. You can always add more money for additional trips.</p><p style=\"box-sizing: inherit; margin-bottom: 26px; color: rgb(115, 115, 111); font-family: lato, sans-serif; font-size: 16px;\">Otherwise, this town was made for walking! The city is extremely compact and if you stay in a central location, most attractions are within a 30-minute walk. For nights out, Ubers and Lyfts are always available.</p><h2 style=\"box-sizing: inherit; color: rgb(115, 115, 111); font-family: saturday_scriptregular; margin-top: 0px; margin-bottom: 20px; line-height: 60px; text-align: center; font-size: 40px !important;\">What to Do + Local Highlights</h2><h3 style=\"box-sizing: inherit; color: rgb(115, 115, 111); font-family: jules_biglight, sans-serif; margin-top: 0px; margin-bottom: 16px; font-size: 2.2rem;\">Take a Walk Along the Freedom Trail</h3><p style=\"box-sizing: inherit; margin-bottom: 26px; color: rgb(115, 115, 111); font-family: lato, sans-serif; font-size: 16px;\">Walk the&nbsp;<a href=\"https://www.thefreedomtrail.org/\" target=\"_blank\" rel=\"noopener noreferrer\" style=\"box-sizing: inherit; color: rgb(187, 135, 118); transition: all 0.1s ease-in-out 0s;\">Freedom Trail</a>! You can do this with a quirky costumed guide or just follow the red brick path. The highlights of this 2.5-mile walk include Faneuil Hall, Old North Church, Paul Revere’s House, some very old burial sites, the USS Constitution, and Bunker Hill Monument.</p><p style=\"box-sizing: inherit; margin-bottom: 26px; color: rgb(115, 115, 111); font-family: lato, sans-serif; font-size: 16px; text-align: center;\"><span style=\"box-sizing: inherit; font-weight: 700;\">This&nbsp;<em style=\"box-sizing: inherit;\">is&nbsp;</em>touristy, but even if you’re not a history buff you’ll come across attractive parks, street performers, beautiful Harbor views, and some of the best food in the city.</span></p><h3 style=\"box-sizing: inherit; color: rgb(115, 115, 111); font-family: jules_biglight, sans-serif; margin-top: 0px; margin-bottom: 16px; font-size: 2.2rem;\">See the Museums</h3><p style=\"box-sizing: inherit; margin-bottom: 26px; color: rgb(115, 115, 111); font-family: lato, sans-serif; font-size: 16px;\">Boston has world-class museums! The Museum of Fine Arts and the Boston Tea Party Ships &amp; Museum are both worthy visits, but the&nbsp;<a href=\"https://www.gardnermuseum.org/\" target=\"_blank\" rel=\"noopener noreferrer\" style=\"box-sizing: inherit; color: rgb(187, 135, 118); transition: all 0.1s ease-in-out 0s;\">Isabella Stuart Gardner Museum</a>&nbsp;is the most unique! It was the home of an eccentric socialite who collected and commissioned art from all over the world.</p><p style=\"box-sizing: inherit; margin-bottom: 26px; color: rgb(115, 115, 111); font-family: lato, sans-serif; font-size: 16px;\">She gifted her home to Boston in 1903 under the condition that her collection be left untouched. The exemptions are the artless frames abandoned after the most-famous art heist in history occurred here (it’s still unsolved!).</p><p style=\"box-sizing: inherit; margin-bottom: 26px; color: rgb(115, 115, 111); font-family: lato, sans-serif; font-size: 16px; text-align: center;\"><span style=\"box-sizing: inherit; font-weight: 700;\">Every third Thursday of the month, the museum stays open late and features activities, food and drinks, and live music in the stunning courtyard.</span></p><h3 style=\"box-sizing: inherit; color: rgb(115, 115, 111); font-family: jules_biglight, sans-serif; margin-top: 0px; margin-bottom: 16px; font-size: 2.2rem;\">Visit the Boston Public Library</h3><p style=\"box-sizing: inherit; margin-bottom: 26px; color: rgb(115, 115, 111); font-family: lato, sans-serif; font-size: 16px;\">The&nbsp;<a href=\"https://www.bpl.org/\" target=\"_blank\" rel=\"noopener noreferrer\" style=\"box-sizing: inherit; color: rgb(187, 135, 118); transition: all 0.1s ease-in-out 0s;\">Boston Public Library</a>&nbsp;is my favorite place in the city. Walk through the Dartmouth Street doors to feel like you are making a grand entrance! From there, Bates Hall and the Sargent Gallery are must-see rooms.</p><p style=\"box-sizing: inherit; margin-bottom: 26px; color: rgb(115, 115, 111); font-family: lato, sans-serif; font-size: 16px;\">Visitors can also relax in the stunning Courtyard or Map Room Tea Lounge which recently expanded to include a bar. The library offers fantastic art and architecture tours daily</p>', '2021-03-09 21:43:53', 5, 1, NULL, NULL),
(16, 'The Best United States Destinations to Visit in the Fall', 'fall.jpg', '<p style=\"box-sizing: inherit; margin-bottom: 26px; color: rgb(115, 115, 111); font-family: lato, sans-serif; font-size: 16px;\">Are you looking to embrace all those autumnal vibes? Growing up in&nbsp;<a href=\"https://theblondeabroad.com/16-things-to-do-in-southern-california/\" style=\"box-sizing: inherit; color: rgb(187, 135, 118); transition: all 0.1s ease-in-out 0s;\">Southern California</a>, we didn’t really get any of those impressive color changes in the leaves nor a serious weather transition.</p><p style=\"box-sizing: inherit; margin-bottom: 26px; color: rgb(115, 115, 111); font-family: lato, sans-serif; font-size: 16px;\">Fall, to me, usually started when the Santa Ana winds rolled in and pumpkins started appearing on porches. That said, I’ve always been very intrigued (and maybe a little envious) of places that have “real” seasons.</p><p style=\"box-sizing: inherit; margin-bottom: 26px; color: rgb(115, 115, 111); font-family: lato, sans-serif; font-size: 16px;\">If you’re looking for the perfect places to embrace all those fall feelings across the&nbsp;<a href=\"https://theblondeabroad.com/ultimate-usa-travel-guide/\" style=\"box-sizing: inherit; color: rgb(187, 135, 118); transition: all 0.1s ease-in-out 0s;\">United States</a>—you’ve come to the right place.</p><p style=\"box-sizing: inherit; margin-bottom: 26px; color: rgb(115, 115, 111); font-family: lato, sans-serif; font-size: 16px; text-align: center;\"><span style=\"box-sizing: inherit; font-weight: 700;\">From leaf peeping to apple picking and even some of the best fall festivals, I’ve rounded up some of the best places for autumn getaways.</span></p><p style=\"box-sizing: inherit; margin-bottom: 26px; color: rgb(115, 115, 111); font-family: lato, sans-serif; font-size: 16px; text-align: center;\"><em style=\"box-sizing: inherit;\">Note: For 2020, some of these iconic festivals and events may be canceled until next year. But schedule them out for the following year as they’re annual events.&nbsp;</em>🙂</p><h4 style=\"box-sizing: inherit; color: rgb(115, 115, 111); font-family: jules_biglight, sans-serif; margin-top: 0px; margin-bottom: 16px; font-size: 2rem; letter-spacing: 0.2px; text-align: center;\">Here are the best destinations to visit during the fall in the United States!</h4><h2 style=\"box-sizing: inherit; color: rgb(115, 115, 111); font-family: saturday_scriptregular; margin-top: 0px; margin-bottom: 20px; line-height: 60px; text-align: center; font-size: 40px !important;\">Tarrytown, New York</h2><p style=\"box-sizing: inherit; margin-bottom: 26px; color: rgb(115, 115, 111); font-family: lato, sans-serif; font-size: 16px;\">Is the Hudson River Valley calling your name? Tarrytown’s name might ring a few bells as it’s the birthplace of the Headless Horseman—and the former home of author, Washington Irving, who wrote the&nbsp;<em style=\"box-sizing: inherit;\">Legend of Sleepy Hollow.</em></p><p style=\"box-sizing: inherit; margin-bottom: 26px; color: rgb(115, 115, 111); font-family: lato, sans-serif; font-size: 16px;\">When it comes to Halloween, the village goes all out with festivals, parades, hayrides, and more. Here, you can take a guided tour of the historic&nbsp;<a href=\"https://lyndhurst.org/\" target=\"_blank\" rel=\"noopener\" style=\"box-sizing: inherit; color: rgb(187, 135, 118); transition: all 0.1s ease-in-out 0s;\">Lyndhurst Castle</a>&nbsp;and visit&nbsp;<a href=\"https://hudsonvalley.org/historic-sites/washington-irvings-sunnyside/\" target=\"_blank\" rel=\"noopener\" style=\"box-sizing: inherit; color: rgb(187, 135, 118); transition: all 0.1s ease-in-out 0s;\">Irving’s Sunnyside estate</a>.</p><p style=\"box-sizing: inherit; margin-bottom: 26px; color: rgb(115, 115, 111); font-family: lato, sans-serif; font-size: 16px; text-align: center;\"><span style=\"box-sizing: inherit; font-weight: 700;\">You won’t want to miss the Sleepy Holly Cemetery while here!</span></p><p style=\"box-sizing: inherit; margin-bottom: 26px; color: rgb(115, 115, 111); font-family: lato, sans-serif; font-size: 16px;\">The nearby town of Croton-on-Hudson is famous for the&nbsp;<a href=\"https://hudsonvalley.org/events/blaze/\" target=\"_blank\" rel=\"noopener\" style=\"box-sizing: inherit; color: rgb(187, 135, 118); transition: all 0.1s ease-in-out 0s;\">Great Jack O’Lantern Blaze</a>, which is a nighttime display of thousands of carved pumpkins in themed designs, accompanied by music and dramatic lighting.</p><h2 style=\"box-sizing: inherit; color: rgb(115, 115, 111); font-family: saturday_scriptregular; margin-top: 0px; margin-bottom: 20px; line-height: 60px; text-align: center; font-size: 40px !important;\">Stowe, Vermont</h2><p style=\"box-sizing: inherit; margin-bottom: 26px; color: rgb(115, 115, 111); font-family: lato, sans-serif; font-size: 16px;\">With vibrant yellow sugar maples lining scenic byways, Vermont is an ideal place to flock to see fall foliage—but there’s so much more than just leaf peeping! I’ve heard there’s a maple liqueur that’s quite tasty—stop by&nbsp;<a href=\"https://www.saxtonsdistillery.com/\" target=\"_blank\" rel=\"noopener\" style=\"box-sizing: inherit; color: rgb(187, 135, 118); transition: all 0.1s ease-in-out 0s;\">Saxtons River Distillery</a>&nbsp;in Brattleboro to sample the unique spirits.</p><p style=\"box-sizing: inherit; margin-bottom: 26px; color: rgb(115, 115, 111); font-family: lato, sans-serif; font-size: 16px; text-align: center;\"><span style=\"box-sizing: inherit; font-weight: 700;\"><a href=\"https://www.coldhollow.com/\" target=\"_blank\" rel=\"noopener\" style=\"box-sizing: inherit; color: rgb(187, 135, 118); font-weight: 400; transition: all 0.1s ease-in-out 0s;\">Cold Hollow Cider Mill</a>&nbsp;is a fall favorite with fresh-pressed apple cider and apple cider donuts.</span></p><p style=\"box-sizing: inherit; margin-bottom: 26px; color: rgb(115, 115, 111); font-family: lato, sans-serif; font-size: 16px;\">Just outside the Green Mountain town of Stowe, this place is an ideal stop for serious cider fans. Foodies will also be delighted as there are many Vermont-made treats—like caramel sauces, jams, and maple candy available at Cold Hollow Cider Mill, too.</p><h2 style=\"box-sizing: inherit; color: rgb(115, 115, 111); font-family: saturday_scriptregular; margin-top: 0px; margin-bottom: 20px; line-height: 60px; text-align: center; font-size: 40px !important;\">Portland, Maine</h2><p style=\"box-sizing: inherit; margin-bottom: 26px; color: rgb(115, 115, 111); font-family: lato, sans-serif; font-size: 16px;\">While Portland, Maine keeps coming up as a fan favorite and an amazing foodie destination, I would say, Maine, as a whole, is a dream in autumn! That said, Portland is the&nbsp;<em style=\"box-sizing: inherit;\">*Maine*</em>&nbsp;focus here.&nbsp;</p><p style=\"box-sizing: inherit; margin-bottom: 26px; color: rgb(115, 115, 111); font-family: lato, sans-serif; font-size: 16px;\">You’ll want to visit&nbsp;<a href=\"https://harvestontheharbor.com/\" target=\"_blank\" rel=\"noopener\" style=\"box-sizing: inherit; color: rgb(187, 135, 118); transition: all 0.1s ease-in-out 0s;\">Harvest on the Harbor</a>, which is a fun foodie-themed fall festival. We’re talking local foods, ciders, spirits, and beers—you name it, you can probably find it here.</p><p style=\"box-sizing: inherit; margin-bottom: 26px; color: rgb(115, 115, 111); font-family: lato, sans-serif; font-size: 16px; text-align: center;\"><span style=\"box-sizing: inherit; font-weight: 700;\">Follow up the festival with a gorgeous drive on the 40-mile stretch of the Acadia Byway to see some of the most stunning foliage.</span></p>', '2021-03-09 21:49:44', 5, 1, NULL, NULL),
(36, 'The Ultimate Guide to Visiting Banff National Park in the Winter', 'w.jpg', '<h4 style=\"box-sizing: inherit; color: rgb(115, 115, 111); font-family: jules_biglight, sans-serif; margin-top: 0px; margin-bottom: 16px; font-size: 2rem; letter-spacing: 0.2px; text-align: center;\">Mikaela of&nbsp;<a href=\"https://voyageurtripper.com/\" target=\"_blank\" rel=\"noopener\" style=\"box-sizing: inherit; color: rgb(187, 135, 118); transition: all 0.1s ease-in-out 0s;\">Voyageur Tripper</a>&nbsp;—a blog dedicated to outdoor adventure — is sharing her in-depth guide to Banff National Park!</h4><p style=\"box-sizing: inherit; margin-bottom: 26px; color: rgb(115, 115, 111); font-family: lato, sans-serif; font-size: 16px;\">I’ve visited&nbsp;<a href=\"https://theblondeabroad.com/the-ultimate-banff-travel-guide/\" style=\"box-sizing: inherit; color: rgb(187, 135, 118); transition: all 0.1s ease-in-out 0s;\">Banff National Park</a>&nbsp;in the winter on four separate occasions and have tried just about every winter activity in the park.</p><p style=\"box-sizing: inherit; margin-bottom: 26px; color: rgb(115, 115, 111); font-family: lato, sans-serif; font-size: 16px;\">While the majority of travelers will visit in the summer months, I feel Banff has a special kind of charm in the winter. The mountains are covered in snow and the waterfalls are frozen to a standstill.</p><p style=\"box-sizing: inherit; margin-bottom: 26px; color: rgb(115, 115, 111); font-family: lato, sans-serif; font-size: 16px; text-align: center;\"><span style=\"box-sizing: inherit; font-weight: 700;\">There are some uniquely Canadian experiences to be had in the winter, like walking through a snowy canyon or ice skating on a frozen lake.</span></p><p style=\"box-sizing: inherit; margin-bottom: 26px; color: rgb(115, 115, 111); font-family: lato, sans-serif; font-size: 16px;\">I’ll be sharing my favorite things to do, where to stay, and where to eat, along with some tips for visiting Banff in the winter—like what to pack and how to drive in snowy conditions.</p><h4 style=\"box-sizing: inherit; color: rgb(115, 115, 111); font-family: jules_biglight, sans-serif; margin-top: 0px; margin-bottom: 16px; font-size: 2rem; letter-spacing: 0.2px; text-align: center;\">Here’s the ultimate guide to visiting Banff National Park in the winter!</h4><p style=\"box-sizing: inherit; color: rgb(115, 115, 111); font-family: jules_biglight, sans-serif; margin-top: 0px; margin-bottom: 16px; font-size: 2rem; letter-spacing: 0.2px; text-align: center;\"><br></p><h2 style=\"box-sizing: inherit; color: rgb(115, 115, 111); font-family: saturday_scriptregular; margin-top: 0px; margin-bottom: 20px; line-height: 60px; text-align: center; font-size: 40px !important;\">Winter Conditions</h2><p style=\"box-sizing: inherit; margin-bottom: 26px; color: rgb(115, 115, 111); font-family: lato, sans-serif; font-size: 16px;\">January and February are the coldest months, with a daily high of -4 C and a daily low of -14 C, although the winter months get just a few days of precipitation.</p><p style=\"box-sizing: inherit; margin-bottom: 26px; color: rgb(115, 115, 111); font-family: lato, sans-serif; font-size: 16px;\">That said, most years there tends to be a period with an extreme cold weather warning, where temperatures drop below -30 C. When it’s this cold the ski hills sometimes close.</p><p style=\"box-sizing: inherit; margin-bottom: 26px; color: rgb(115, 115, 111); font-family: lato, sans-serif; font-size: 16px; text-align: center;\"><span style=\"box-sizing: inherit; font-weight: 700;\">Dress warmly and ensure you are prepared for the cold!</span>There are a few additional items you’ll want to be when visiting Banff in the winter:</p><ul style=\"box-sizing: inherit; margin-bottom: 26px; margin-left: 40px; color: rgb(115, 115, 111); font-family: lato, sans-serif; font-size: 16px;\"><li style=\"box-sizing: inherit; list-style-type: disc;\"><span style=\"box-sizing: inherit; font-weight: 700;\">Winter Boots</span>&nbsp;– I don’t find hiking boots to be warm enough, so I recommend bringing proper winter boots.</li><li style=\"box-sizing: inherit; list-style-type: disc;\"><span style=\"box-sizing: inherit; font-weight: 700;\">Wool Socks</span>&nbsp;– These will keep your feet warm even if they get a little damp from snow or sweat.</li><li style=\"box-sizing: inherit; list-style-type: disc;\"><span style=\"box-sizing: inherit; font-weight: 700;\">Layers&nbsp;</span>– You’ll want to dress in layers while in Banff, which includes a good base layer, an insulating layer (like fleece), and a weather-proof jacket.</li><li style=\"box-sizing: inherit; list-style-type: disc;\"><span style=\"box-sizing: inherit; font-weight: 700;\">Hat&nbsp;</span>– Bring a warm hat, or ‘toque’ (pronounced ‘too-k’) as we Canadians would say.</li><li style=\"box-sizing: inherit; list-style-type: disc;\"><span style=\"box-sizing: inherit; font-weight: 700;\">Mittens</span>&nbsp;– Bring a thick and warm pair of mittens, but which will be especially important for staying warm while waiting for sunrise.</li><li style=\"box-sizing: inherit; list-style-type: disc;\"><span style=\"box-sizing: inherit; font-weight: 700;\">Thermos</span>&nbsp;– Not mandatory, but having a thermos filled with a warm beverage is nice to have while waiting for the sunrise.</li><li style=\"box-sizing: inherit; list-style-type: disc;\"><span style=\"box-sizing: inherit; font-weight: 700;\">Ice Cleats</span>&nbsp;– If you will be doing winter hikes without a tour group, bring ice cleats or buy them in town.</li></ul>', '2021-03-12 17:38:56', 5, 1, NULL, NULL);
INSERT INTO `posts` (`id`, `title`, `img`, `text`, `date`, `idUser`, `approved`, `created_at`, `updated_at`) VALUES
(37, 'A Local’s Guide to New York City', 'ny.jpg', '<p style=\"box-sizing: inherit; margin-bottom: 26px; color: rgb(115, 115, 111); font-family: lato, sans-serif; font-size: 16px; text-align: center;\"><span style=\"box-sizing: inherit; font-weight: 700;\">Hi there, my name is&nbsp;<a href=\"http://www.danaberez.com/\" style=\"box-sizing: inherit; color: rgb(187, 135, 118); font-weight: 400; transition: all 0.1s ease-in-out 0s;\">Dana Berez,</a>&nbsp;a travel blogger based in New York City. I write about New York travel guides, destination guides, and blogging tips.</span></p><p style=\"box-sizing: inherit; margin-bottom: 26px; color: rgb(115, 115, 111); font-family: lato, sans-serif; font-size: 16px;\">Today I am going to take you along with me on a local’s guide to&nbsp;<a href=\"https://theblondeabroad.com/ultimate-new-york-city-travel-guide/\" style=\"box-sizing: inherit; color: rgb(187, 135, 118); transition: all 0.1s ease-in-out 0s;\">New York City</a>. Covering where to stay, the best things to do, and of course my local picks for where to eat and drink.</p><p style=\"box-sizing: inherit; margin-bottom: 26px; color: rgb(115, 115, 111); font-family: lato, sans-serif; font-size: 16px;\">Why trust all this local advice from me? I have been living in New York City for 9 years, currently call the East Village in&nbsp;<a href=\"https://theblondeabroad.com/where-to-find-the-best-brunch-in-manhattan/\" style=\"box-sizing: inherit; color: rgb(187, 135, 118); transition: all 0.1s ease-in-out 0s;\">Manhattan</a>&nbsp;home. I have truly tested out the town and want to share the best of the best with you. Without further ado, let’s get into the list.</p><h4 style=\"box-sizing: inherit; color: rgb(115, 115, 111); font-family: jules_biglight, sans-serif; margin-top: 0px; margin-bottom: 16px; font-size: 2rem; letter-spacing: 0.2px; text-align: center;\">Here’s my local’s guide to exploring NYC!</h4><h2 style=\"box-sizing: inherit; color: rgb(115, 115, 111); font-family: saturday_scriptregular; margin-top: 0px; margin-bottom: 20px; line-height: 60px; text-align: center; font-size: 40px !important;\">Where to Stay</h2><p style=\"box-sizing: inherit; margin-bottom: 26px; color: rgb(115, 115, 111); font-family: lato, sans-serif; font-size: 16px;\">If a local experience is what you are going for, there are some neighborhoods you should definitely look out for when booking your hotel/accommodations.</p><h3 style=\"box-sizing: inherit; color: rgb(115, 115, 111); font-family: jules_biglight, sans-serif; margin-top: 0px; margin-bottom: 16px; font-size: 2.2rem;\">Manhattan</h3><p style=\"box-sizing: inherit; margin-bottom: 26px; color: rgb(115, 115, 111); font-family: lato, sans-serif; font-size: 16px;\">Manhattan neighborhoods that have a cute local charm, local restaurants, and shops tend to be located in the downtown area below 23rd street.</p><p style=\"box-sizing: inherit; margin-bottom: 26px; color: rgb(115, 115, 111); font-family: lato, sans-serif; font-size: 16px;\">A great place to book a hotel would be in Chelsea, Madison Square Park, East Village, West Village (pictured above), or SoHo. Here are some of my favorite hotels in local downtown neighborhoods that won’t break the bank.</p><h4 style=\"box-sizing: inherit; color: rgb(115, 115, 111); font-family: jules_biglight, sans-serif; margin-top: 0px; margin-bottom: 16px; font-size: 2rem; letter-spacing: 0.2px;\">Where to Stay in Manhattan:</h4><ul style=\"box-sizing: inherit; margin-bottom: 26px; margin-left: 40px; color: rgb(115, 115, 111); font-family: lato, sans-serif; font-size: 16px;\"><li style=\"box-sizing: inherit; list-style-type: disc;\"><span style=\"box-sizing: inherit; font-weight: 700;\"><a href=\"https://www.booking.com/hotel/us/cooper-square.en.html?aid=1842262&amp;no_rooms=1&amp;group_adults=2\" target=\"_blank\" rel=\"noopener\" style=\"box-sizing: inherit; color: rgb(187, 135, 118); font-weight: 400; transition: all 0.1s ease-in-out 0s;\">The Standard East Village</a>:</span>&nbsp;Light and airy rooms offering amazing views in the prime location steps from SoHo.</li><li style=\"box-sizing: inherit; list-style-type: disc;\"><span style=\"box-sizing: inherit; font-weight: 700;\"><a href=\"https://www.booking.com/hotel/us/moxy-nyc-east-village.en.html?aid=1842262&amp;no_rooms=1&amp;group_adults=2\" target=\"_blank\" rel=\"noopener\" style=\"box-sizing: inherit; color: rgb(187, 135, 118); font-weight: 400; transition: all 0.1s ease-in-out 0s;\">Moxy East Village</a>:</span>&nbsp;Brand new hotel walking distance from East Village and Union square offering contemporary cozy rooms.</li><li style=\"box-sizing: inherit; list-style-type: disc;\"><span style=\"box-sizing: inherit; font-weight: 700;\"><a href=\"https://www.booking.com/hotel/us/tribeca-grand.en.html?aid=1842262&amp;no_rooms=1&amp;group_adults=2\" target=\"_blank\" rel=\"noopener\" style=\"box-sizing: inherit; color: rgb(187, 135, 118); font-weight: 400; transition: all 0.1s ease-in-out 0s;\">Roxy Hotel</a>:</span>&nbsp;Located in the heart of Tribeca this lively hotel has great bars and dining options, a cinema, and comfortably sized rooms.</li></ul><h3 style=\"box-sizing: inherit; color: rgb(115, 115, 111); font-family: jules_biglight, sans-serif; margin-top: 0px; margin-bottom: 16px; font-size: 2.2rem;\">Brooklyn</h3><p style=\"box-sizing: inherit; margin-bottom: 26px; color: rgb(115, 115, 111); font-family: lato, sans-serif; font-size: 16px;\">Brooklyn is also a great option for an authentic experience, and usually, these hotels have more space and amenities.</p><p style=\"box-sizing: inherit; margin-bottom: 26px; color: rgb(115, 115, 111); font-family: lato, sans-serif; font-size: 16px;\">Look for hotels in&nbsp;<span style=\"box-sizing: inherit; font-weight: 700;\">Williamsburg&nbsp;</span>or&nbsp;<span style=\"box-sizing: inherit; font-weight: 700;\">Dumbo.&nbsp;</span>These neighborhoods are right across the bridge from Manhattan, so your view will be iconic and it’s easy to get to and from. Both Williamsburg and Dumbo have plenty of places to eat, drink, and shop with a more industrial laid back feel.</p><h2 style=\"box-sizing: inherit; color: rgb(115, 115, 111); font-family: saturday_scriptregular; margin-top: 0px; margin-bottom: 20px; line-height: 60px; text-align: center; font-size: 40px !important;\">What to Do + Local Highlights</h2><h3 style=\"box-sizing: inherit; color: rgb(115, 115, 111); font-family: jules_biglight, sans-serif; margin-top: 0px; margin-bottom: 16px; font-size: 2.2rem;\">Check Out a Greenmarket</h3><p style=\"box-sizing: inherit; margin-bottom: 26px; color: rgb(115, 115, 111); font-family: lato, sans-serif; font-size: 16px;\">You can find all types of fresh produce here in addition to flowers, plants, fresh bread, sauces, beer &amp; wine, honey, popcorn, you name it. It’s a really neat place to find authentic souvenirs and to help support local farmers.</p><p style=\"box-sizing: inherit; margin-bottom: 26px; color: rgb(115, 115, 111); font-family: lato, sans-serif; font-size: 16px; text-align: center;\"><span style=\"box-sizing: inherit; font-weight: 700;\">The Union Square Greenmarket is the largest and is open the most days on Monday, Wednesday, Friday &amp; Saturday from 8 am to 6 pm.</span></p><p style=\"box-sizing: inherit; margin-bottom: 26px; color: rgb(115, 115, 111); font-family: lato, sans-serif; font-size: 16px;\">But you can find smaller Greenmarkets in other parts of all the 5 boroughs.&nbsp;<a href=\"https://www.grownyc.org/files/gmkt/map.pdf\" target=\"_blank\" rel=\"noopener\" style=\"box-sizing: inherit; color: rgb(187, 135, 118); transition: all 0.1s ease-in-out 0s;\">Here is a map &amp; list</a>&nbsp;of all the locations.</p><p style=\"box-sizing: inherit; margin-bottom: 26px; color: rgb(115, 115, 111); font-family: lato, sans-serif; font-size: 16px;\"><br></p><h2 style=\"box-sizing: inherit; color: rgb(115, 115, 111); font-family: saturday_scriptregular; margin-top: 0px; margin-bottom: 20px; line-height: 60px; text-align: center; font-size: 40px !important;\">The Best Places to Shop</h2><p style=\"box-sizing: inherit; margin-bottom: 26px; color: rgb(115, 115, 111); font-family: lato, sans-serif; font-size: 16px; text-align: center;\"><span style=\"box-sizing: inherit; font-weight: 700;\">The best areas to shop in New York City like a local are in SoHo, the West Village, the East Village, and Williamsburg Brooklyn.</span></p><p style=\"box-sizing: inherit; margin-bottom: 26px; color: rgb(115, 115, 111); font-family: lato, sans-serif; font-size: 16px;\">In these local neighborhoods, you will find unique local boutiques selling vintage clothing, home goods, jewelry, and gift items.</p><p style=\"box-sizing: inherit; margin-bottom: 26px; color: rgb(115, 115, 111); font-family: lato, sans-serif; font-size: 16px;\">Stores to check out include the&nbsp;<a href=\"http://brooklynflea.com/\" target=\"_blank\" rel=\"noopener\" style=\"box-sizing: inherit; color: rgb(187, 135, 118); transition: all 0.1s ease-in-out 0s;\"><span style=\"box-sizing: inherit; font-weight: 700;\">Brooklyn Flea Market</span></a>&nbsp;and&nbsp;<a href=\"https://www.artistsandfleas.com/\" target=\"_blank\" rel=\"noopener\" style=\"box-sizing: inherit; color: rgb(187, 135, 118); transition: all 0.1s ease-in-out 0s;\"><span style=\"box-sizing: inherit; font-weight: 700;\">Artists and Fleas</span></a>&nbsp;in SoHo and Brooklyn. Both sell artisan goods ranging in all categories and you’ll be sure to find something unique.</p>', '2021-03-12 17:59:42', 5, 1, NULL, NULL);

-- --------------------------------------------------------

--
-- Table structure for table `roles`
--

CREATE TABLE `roles` (
  `idRole` int(255) NOT NULL,
  `role` varchar(50) COLLATE utf8mb4_unicode_ci NOT NULL,
  `created_at` timestamp NULL DEFAULT NULL,
  `updated_at` timestamp NULL DEFAULT NULL
) ENGINE=InnoDB DEFAULT CHARSET=utf8mb4 COLLATE=utf8mb4_unicode_ci;

--
-- Dumping data for table `roles`
--

INSERT INTO `roles` (`idRole`, `role`, `created_at`, `updated_at`) VALUES
(1, 'admin', NULL, NULL),
(2, 'user', NULL, NULL);

-- --------------------------------------------------------

--
-- Table structure for table `social`
--

CREATE TABLE `social` (
  `idNetwork` int(255) NOT NULL,
  `icon` varchar(255) NOT NULL,
  `link` varchar(255) NOT NULL
) ENGINE=InnoDB DEFAULT CHARSET=utf8mb4;

--
-- Dumping data for table `social`
--

INSERT INTO `social` (`idNetwork`, `icon`, `link`) VALUES
(1, 'fab fa-instagram', 'https://www.instagram.com/'),
(2, 'fab fa-facebook', 'https://www.facebook.com/'),
(3, 'fab fa-twitter', 'https://www.twitter.com/'),
(4, 'fab fa-youtube', 'https://www.youtube.com/');

-- --------------------------------------------------------

--
-- Table structure for table `sponsors`
--

CREATE TABLE `sponsors` (
  `idSponsor` int(255) NOT NULL,
  `img` varchar(255) NOT NULL,
  `name` varchar(255) NOT NULL
) ENGINE=InnoDB DEFAULT CHARSET=utf8mb4;

--
-- Dumping data for table `sponsors`
--

INSERT INTO `sponsors` (`idSponsor`, `img`, `name`) VALUES
(1, 'passport.jpg', 'Passion Passport'),
(2, 'national.png', 'National Geographic'),
(3, 'bbc.png', 'BBC Travel'),
(4, 'travel.jpg', 'Travel Chanel'),
(5, 'travelex.png', 'Travelex');

-- --------------------------------------------------------

--
-- Table structure for table `users`
--

CREATE TABLE `users` (
  `idUser` int(255) NOT NULL,
  `firstName` varchar(20) COLLATE utf8mb4_unicode_ci NOT NULL,
  `lastName` varchar(30) COLLATE utf8mb4_unicode_ci NOT NULL,
  `email` varchar(255) COLLATE utf8mb4_unicode_ci NOT NULL,
  `password` varchar(255) COLLATE utf8mb4_unicode_ci NOT NULL,
  `code` varchar(255) COLLATE utf8mb4_unicode_ci NOT NULL,
  `active` int(11) NOT NULL,
  `idRole` int(255) NOT NULL,
  `created_at` timestamp NULL DEFAULT NULL,
  `updated_at` timestamp NULL DEFAULT NULL
) ENGINE=InnoDB DEFAULT CHARSET=utf8mb4 COLLATE=utf8mb4_unicode_ci;

--
-- Dumping data for table `users`
--

INSERT INTO `users` (`idUser`, `firstName`, `lastName`, `email`, `password`, `code`, `active`, `idRole`, `created_at`, `updated_at`) VALUES
(1, 'Milica', 'Jovanovic', 'milica@gmail.com', '504938a121efec5f4fbdbcc64ca5736e', 'dfgfdgfd', 1, 1, NULL, NULL),
(4, 'Mfsd', 'Fds', 'milica.jovanovic.88.18@ict.edu.rs', '504938a121efec5f4fbdbcc64ca5736e', '1f5f0bd4f455e564b2bf80abab122384', 1, 2, NULL, NULL),
(5, 'Pera', 'Peric', 'pera@gmail.com', 'ee33b3bc92b59d4bae6011d118dfd78c', '51cfc8678239f5124c660b18d2793b6c', 1, 2, NULL, NULL),
(6, 'Mika', 'Mikic', 'mika@gmail.com', 'a76d410f522fcf56dd7d0268405d293c', 'b28228075c4e24cc5e3e6f778189f3f7', 1, 2, NULL, NULL),
(7, 'Mfsd', 'Fds', 'milicaaa@gmail.com', 'a3dcb4d229de6fde0db5686dee47145d', '8262f5b72e473f7794e5c20eb77acdb8', 1, 2, NULL, NULL);

--
-- Indexes for dumped tables
--

--
-- Indexes for table `comments`
--
ALTER TABLE `comments`
  ADD PRIMARY KEY (`idComment`),
  ADD KEY `idPost` (`idPost`),
  ADD KEY `idUser` (`idUser`);

--
-- Indexes for table `failed_jobs`
--
ALTER TABLE `failed_jobs`
  ADD PRIMARY KEY (`id`),
  ADD UNIQUE KEY `failed_jobs_uuid_unique` (`uuid`);

--
-- Indexes for table `hashtag`
--
ALTER TABLE `hashtag`
  ADD PRIMARY KEY (`idHashtag`);

--
-- Indexes for table `images`
--
ALTER TABLE `images`
  ADD PRIMARY KEY (`idImage`),
  ADD KEY `idPost` (`idPost`);

--
-- Indexes for table `likes`
--
ALTER TABLE `likes`
  ADD PRIMARY KEY (`idLike`),
  ADD KEY `idPost` (`idPost`),
  ADD KEY `idUser` (`idUser`);

--
-- Indexes for table `menu`
--
ALTER TABLE `menu`
  ADD PRIMARY KEY (`id`);

--
-- Indexes for table `messages`
--
ALTER TABLE `messages`
  ADD PRIMARY KEY (`id`);

--
-- Indexes for table `migrations`
--
ALTER TABLE `migrations`
  ADD PRIMARY KEY (`id`);

--
-- Indexes for table `password_resets`
--
ALTER TABLE `password_resets`
  ADD KEY `password_resets_email_index` (`email`);

--
-- Indexes for table `posthashtag`
--
ALTER TABLE `posthashtag`
  ADD PRIMARY KEY (`idPostHashtag`),
  ADD KEY `idPost` (`idPost`),
  ADD KEY `idHashtag` (`idHashtag`);

--
-- Indexes for table `posts`
--
ALTER TABLE `posts`
  ADD PRIMARY KEY (`id`),
  ADD KEY `idUser` (`idUser`);

--
-- Indexes for table `roles`
--
ALTER TABLE `roles`
  ADD PRIMARY KEY (`idRole`);

--
-- Indexes for table `social`
--
ALTER TABLE `social`
  ADD PRIMARY KEY (`idNetwork`);

--
-- Indexes for table `sponsors`
--
ALTER TABLE `sponsors`
  ADD PRIMARY KEY (`idSponsor`),
  ADD UNIQUE KEY `name` (`name`);

--
-- Indexes for table `users`
--
ALTER TABLE `users`
  ADD PRIMARY KEY (`idUser`),
  ADD UNIQUE KEY `users_email_unique` (`email`),
  ADD KEY `idRole` (`idRole`);

--
-- AUTO_INCREMENT for dumped tables
--

--
-- AUTO_INCREMENT for table `comments`
--
ALTER TABLE `comments`
  MODIFY `idComment` int(255) NOT NULL AUTO_INCREMENT, AUTO_INCREMENT=64;

--
-- AUTO_INCREMENT for table `failed_jobs`
--
ALTER TABLE `failed_jobs`
  MODIFY `id` bigint(20) UNSIGNED NOT NULL AUTO_INCREMENT;

--
-- AUTO_INCREMENT for table `hashtag`
--
ALTER TABLE `hashtag`
  MODIFY `idHashtag` int(255) NOT NULL AUTO_INCREMENT, AUTO_INCREMENT=18;

--
-- AUTO_INCREMENT for table `images`
--
ALTER TABLE `images`
  MODIFY `idImage` int(255) NOT NULL AUTO_INCREMENT, AUTO_INCREMENT=166;

--
-- AUTO_INCREMENT for table `likes`
--
ALTER TABLE `likes`
  MODIFY `idLike` int(255) NOT NULL AUTO_INCREMENT, AUTO_INCREMENT=64;

--
-- AUTO_INCREMENT for table `menu`
--
ALTER TABLE `menu`
  MODIFY `id` bigint(20) NOT NULL AUTO_INCREMENT, AUTO_INCREMENT=10;

--
-- AUTO_INCREMENT for table `messages`
--
ALTER TABLE `messages`
  MODIFY `id` int(255) NOT NULL AUTO_INCREMENT, AUTO_INCREMENT=36;

--
-- AUTO_INCREMENT for table `migrations`
--
ALTER TABLE `migrations`
  MODIFY `id` int(10) UNSIGNED NOT NULL AUTO_INCREMENT, AUTO_INCREMENT=8;

--
-- AUTO_INCREMENT for table `posthashtag`
--
ALTER TABLE `posthashtag`
  MODIFY `idPostHashtag` int(255) NOT NULL AUTO_INCREMENT, AUTO_INCREMENT=259;

--
-- AUTO_INCREMENT for table `posts`
--
ALTER TABLE `posts`
  MODIFY `id` int(255) NOT NULL AUTO_INCREMENT, AUTO_INCREMENT=67;

--
-- AUTO_INCREMENT for table `roles`
--
ALTER TABLE `roles`
  MODIFY `idRole` int(255) NOT NULL AUTO_INCREMENT, AUTO_INCREMENT=3;

--
-- AUTO_INCREMENT for table `social`
--
ALTER TABLE `social`
  MODIFY `idNetwork` int(255) NOT NULL AUTO_INCREMENT, AUTO_INCREMENT=17;

--
-- AUTO_INCREMENT for table `sponsors`
--
ALTER TABLE `sponsors`
  MODIFY `idSponsor` int(255) NOT NULL AUTO_INCREMENT, AUTO_INCREMENT=10;

--
-- AUTO_INCREMENT for table `users`
--
ALTER TABLE `users`
  MODIFY `idUser` int(255) NOT NULL AUTO_INCREMENT, AUTO_INCREMENT=8;

--
-- Constraints for dumped tables
--

--
-- Constraints for table `comments`
--
ALTER TABLE `comments`
  ADD CONSTRAINT `comments_ibfk_1` FOREIGN KEY (`idPost`) REFERENCES `posts` (`id`) ON DELETE CASCADE ON UPDATE CASCADE,
  ADD CONSTRAINT `comments_ibfk_2` FOREIGN KEY (`idUser`) REFERENCES `users` (`idUser`) ON DELETE CASCADE ON UPDATE CASCADE;

--
-- Constraints for table `images`
--
ALTER TABLE `images`
  ADD CONSTRAINT `images_ibfk_1` FOREIGN KEY (`idPost`) REFERENCES `posts` (`id`) ON DELETE CASCADE ON UPDATE CASCADE;

--
-- Constraints for table `likes`
--
ALTER TABLE `likes`
  ADD CONSTRAINT `likes_ibfk_1` FOREIGN KEY (`idPost`) REFERENCES `posts` (`id`) ON DELETE CASCADE ON UPDATE CASCADE,
  ADD CONSTRAINT `likes_ibfk_2` FOREIGN KEY (`idUser`) REFERENCES `users` (`idUser`) ON DELETE CASCADE ON UPDATE CASCADE;

--
-- Constraints for table `posthashtag`
--
ALTER TABLE `posthashtag`
  ADD CONSTRAINT `posthashtag_ibfk_1` FOREIGN KEY (`idPost`) REFERENCES `posts` (`id`) ON DELETE CASCADE ON UPDATE CASCADE,
  ADD CONSTRAINT `posthashtag_ibfk_2` FOREIGN KEY (`idHashtag`) REFERENCES `hashtag` (`idHashtag`) ON DELETE CASCADE ON UPDATE CASCADE;

--
-- Constraints for table `posts`
--
ALTER TABLE `posts`
  ADD CONSTRAINT `posts_ibfk_1` FOREIGN KEY (`idUser`) REFERENCES `users` (`idUser`) ON DELETE CASCADE ON UPDATE CASCADE;

--
-- Constraints for table `users`
--
ALTER TABLE `users`
  ADD CONSTRAINT `users_ibfk_1` FOREIGN KEY (`idRole`) REFERENCES `roles` (`idRole`) ON DELETE CASCADE ON UPDATE CASCADE;
COMMIT;

/*!40101 SET CHARACTER_SET_CLIENT=@OLD_CHARACTER_SET_CLIENT */;
/*!40101 SET CHARACTER_SET_RESULTS=@OLD_CHARACTER_SET_RESULTS */;
/*!40101 SET COLLATION_CONNECTION=@OLD_COLLATION_CONNECTION */;
